Year,Pos,Race,rider_id
2016,44,Giro d'Italia,149
2015,DNF,Giro d'Italia,149
2014,76,Vuelta a España,149
2014,19,Giro d'Italia,149
2013,55,Tour de France,149
2012,33,Vuelta a España,149
2012,6,Giro d'Italia,149
2011,7,Tour de France,149
2010,29,Tour de France,149
2010,11,Giro d'Italia,149
2009,DNF,Vuelta a España,149
2009,19,Giro d'Italia,149
2008,DNF,Vuelta a España,149
2008,DNF,Tour de France,149
2007,DNF,Vuelta a España,149
2007,5,Giro d'Italia,149
2006,11,Tour de France,149
2006,4,Giro d'Italia,149
2005,18,Giro d'Italia,149
2004,16,Vuelta a España,149
2004,1,Giro d'Italia,149
2003,34,Giro d'Italia,149
2016,13,Vuelta a España,1151
2016,DNF,Giro d'Italia,1151
2015,61,Tour de France,1151
2014,2,Tour de France,1151
2013,DNF,Tour de France,1151
2012,44,Tour de France,1151
2011,10,Tour de France,1151
2010,39,Vuelta a España,1151
2016,75,Tour de France,99
2015,DNF,Vuelta a España,99
2015,DNF,Tour de France,99
2014,31,Vuelta a España,99
2013,40,Vuelta a España,99
2013,63,Tour de France,99
2012,21,Tour de France,99
2011,14,Tour de France,99
2009,DNF,Tour de France,99
2017,52,Tour de France,87
2016,19,Vuelta a España,87
2016,24,Tour de France,87
2015,23,Vuelta a España,87
2015,62,Tour de France,87
2014,DNF,Vuelta a España,87
2014,8,Tour de France,87
2013,DNF,Vuelta a España,87
2013,36,Tour de France,87
2012,6,Tour de France,87
2011,25,Vuelta a España,87
2011,16,Tour de France,87
2009,14,Vuelta a España,87
2009,26,Tour de France,87
2008,42,Tour de France,87
2007,44,Vuelta a España,87
2007,5,Tour de France,87
2006,34,Vuelta a España,87
2006,8,Tour de France,87
2005,15,Tour de France,87
2005,49,Giro d'Italia,87
2004,40,Vuelta a España,87
2004,DNF,Tour de France,87
2003,5,Tour de France,87
2002,11,Vuelta a España,87
2002,39,Tour de France,87
2001,43,Vuelta a España,87
2001,73,Tour de France,87
2000,10,Vuelta a España,87
2013,54,Giro d'Italia,936
2012,DNF,Vuelta a España,936
2012,DNF,Tour de France,936
2011,21,Tour de France,936
2019,47,Giro d'Italia,186
2018,26,Vuelta a España,186
2018,20,Giro d'Italia,186
2017,19,Giro d'Italia,186
2016,11,Giro d'Italia,186
2015,42,Giro d'Italia,186
2014,54,Vuelta a España,186
2014,16,Giro d'Italia,186
2013,34,Tour de France,186
2013,32,Giro d'Italia,186
2012,DNF,Tour de France,186
2012,16,Giro d'Italia,186
2011,22,Tour de France,186
2011,12,Giro d'Italia,186
2010,55,Vuelta a España,186
2010,20,Giro d'Italia,186
2009,32,Tour de France,186
2008,32,Vuelta a España,186
2008,52,Tour de France,186
2007,17,Vuelta a España,186
2007,25,Giro d'Italia,186
2006,40,Vuelta a España,186
2006,32,Giro d'Italia,186
2014,60,Giro d'Italia,482
2013,62,Vuelta a España,482
2013,65,Giro d'Italia,482
2012,DNF,Tour de France,482
2011,23,Tour de France,482
2010,17,Vuelta a España,482
2008,45,Giro d'Italia,482
2007,37,Tour de France,482
2006,23,Vuelta a España,482
2004,93,Vuelta a España,482
2013,63,Vuelta a España,61
2013,64,Giro d'Italia,61
2012,11,Vuelta a España,61
2012,DNF,Tour de France,61
2011,36,Vuelta a España,61
2011,25,Tour de France,61
2010,84,Vuelta a España,61
2010,36,Tour de France,61
2009,60,Tour de France,61
2008,70,Tour de France,61
2007,47,Tour de France,61
2006,74,Tour de France,61
2005,68,Giro d'Italia,61
2024,52,Vuelta a España,41
2024,DNF,Giro d'Italia,41
2023,52,Vuelta a España,41
2022,41,Vuelta a España,41
2021,62,Vuelta a España,41
2021,DNF,Tour de France,41
2020,35,Vuelta a España,41
2020,42,Tour de France,41
2019,27,Vuelta a España,41
2018,31,Tour de France,41
2018,23,Giro d'Italia,41
2017,DNF,Tour de France,41
2016,34,Vuelta a España,41
2015,6,Tour de France,41
2014,DNF,Vuelta a España,41
2013,26,Tour de France,41
2013,DNF,Giro d'Italia,41
2012,6,Vuelta a España,41
2012,DNF,Tour de France,41
2011,33,Tour de France,41
2010,6,Tour de France,41
2009,6,Vuelta a España,41
2009,DNF,Tour de France,41
2008,7,Vuelta a España,41
2013,30,Vuelta a España,57
2013,22,Giro d'Italia,57
2012,17,Tour de France,57
2011,55,Vuelta a España,57
2011,34,Tour de France,57
2010,DNF,Vuelta a España,57
2010,40,Tour de France,57
2009,52,Vuelta a España,57
2009,43,Tour de France,57
2008,9,Vuelta a España,57
2008,47,Tour de France,57
2007,DNF,Vuelta a España,57
2007,60,Tour de France,57
2006,12,Vuelta a España,57
2006,41,Tour de France,57
2005,46,Vuelta a España,57
2005,48,Tour de France,57
2004,41,Tour de France,57
2017,89,Vuelta a España,109
2016,122,Vuelta a España,109
2015,12,Vuelta a España,109
2014,20,Vuelta a España,109
2013,13,Vuelta a España,109
2011,36,Tour de France,109
2011,14,Giro d'Italia,109
2010,25,Vuelta a España,109
2010,2,Giro d'Italia,109
2009,68,Tour de France,109
2009,11,Giro d'Italia,109
2008,17,Vuelta a España,109
2008,27,Tour de France,109
2007,13,Tour de France,109
2007,10,Giro d'Italia,109
2006,19,Vuelta a España,109
2006,20,Tour de France,109
2005,53,Tour de France,109
2012,DNF,Tour de France,105
2011,39,Tour de France,105
2010,21,Vuelta a España,105
2010,78,Tour de France,105
2009,51,Vuelta a España,105
2008,80,Vuelta a España,105
2008,56,Tour de France,105
2007,DNF,Tour de France,105
2013,81,Tour de France,345
2011,40,Tour de France,345
2010,27,Tour de France,345
2009,49,Vuelta a España,345
2012,109,Vuelta a España,63
2012,DNF,Tour de France,63
2011,37,Vuelta a España,63
2011,41,Tour de France,63
2010,14,Vuelta a España,63
2010,68,Giro d'Italia,63
2009,27,Vuelta a España,63
2009,57,Tour de France,63
2008,8,Vuelta a España,63
2008,39,Tour de France,63
2006,57,Tour de France,63
2005,67,Tour de France,63
2004,34,Tour de France,63
2003,43,Tour de France,63
2002,13,Tour de France,63
2001,48,Tour de France,63
2000,75,Tour de France,63
2015,45,Giro d'Italia,360
2013,45,Vuelta a España,360
2012,71,Tour de France,360
2012,28,Giro d'Italia,360
2011,42,Tour de France,360
2011,82,Giro d'Italia,360
2010,61,Tour de France,360
2010,60,Giro d'Italia,360
2009,17,Vuelta a España,360
2009,44,Giro d'Italia,360
2008,23,Tour de France,360
2008,23,Giro d'Italia,360
2007,25,Vuelta a España,360
2007,28,Giro d'Italia,360
2006,14,Vuelta a España,360
2006,19,Giro d'Italia,360
2005,24,Vuelta a España,360
2005,64,Giro d'Italia,360
2004,74,Vuelta a España,360
2004,43,Giro d'Italia,360
2003,24,Giro d'Italia,360
2002,29,Vuelta a España,360
2002,44,Giro d'Italia,360
2023,46,Vuelta a España,737
2022,38,Tour de France,737
2021,44,Vuelta a España,737
2019,26,Giro d'Italia,737
2018,52,Vuelta a España,737
2018,67,Giro d'Italia,737
2017,44,Tour de France,737
2017,63,Giro d'Italia,737
2016,31,Vuelta a España,737
2016,33,Giro d'Italia,737
2015,68,Vuelta a España,737
2015,59,Giro d'Italia,737
2014,50,Vuelta a España,737
2014,102,Giro d'Italia,737
2013,81,Vuelta a España,737
2013,106,Giro d'Italia,737
2012,52,Vuelta a España,737
2012,85,Giro d'Italia,737
2011,45,Tour de France,737
2010,103,Vuelta a España,737
2009,35,Giro d'Italia,737
2014,DNF,Tour de France,113
2013,55,Vuelta a España,113
2013,82,Giro d'Italia,113
2012,DNF,Vuelta a España,113
2011,69,Vuelta a España,113
2011,48,Tour de France,113
2010,62,Giro d'Italia,113
2009,112,Vuelta a España,113
2008,50,Vuelta a España,113
2007,DNF,Vuelta a España,113
2007,DNF,Tour de France,113
2006,22,Vuelta a España,113
2006,32,Tour de France,113
2005,22,Tour de France,113
2004,97,Tour de France,113
2003,51,Tour de France,113
2024,38,Tour de France,264
2022,DNF,Tour de France,264
2021,DNF,Tour de France,264
2020,6,Giro d'Italia,264
2019,13,Vuelta a España,264
2019,DNF,Tour de France,264
2018,12,Tour de France,264
2017,DNF,Tour de France,264
2016,52,Tour de France,264
2016,12,Giro d'Italia,264
2015,23,Tour de France,264
2014,36,Tour de France,264
2013,29,Vuelta a España,264
2013,7,Tour de France,264
2011,11,Vuelta a España,264
2011,50,Tour de France,264
2010,50,Tour de France,264
2009,56,Vuelta a España,264
2011,52,Tour de France,677
2010,44,Tour de France,677
2010,DNF,Giro d'Italia,677
2009,104,Giro d'Italia,677
2007,135,Tour de France,677
2006,DNF,Vuelta a España,677
2006,113,Tour de France,677
2005,75,Vuelta a España,677
2004,103,Tour de France,677
2015,DNF,Giro d'Italia,182
2014,58,Tour de France,182
2013,159,Tour de France,182
2013,124,Giro d'Italia,182
2012,112,Tour de France,182
2011,54,Tour de France,182
2011,84,Giro d'Italia,182
2010,66,Tour de France,182
2010,58,Giro d'Italia,182
2009,87,Tour de France,182
2008,35,Tour de France,182
2007,67,Tour de France,182
2006,DNF,Vuelta a España,182
2006,82,Tour de France,182
2005,43,Tour de France,182
2004,27,Tour de France,182
2003,71,Tour de France,182
2002,87,Tour de France,182
2012,38,Tour de France,10
2011,56,Tour de France,10
2010,59,Tour de France,10
2009,18,Tour de France,10
2008,32,Tour de France,10
2007,23,Tour de France,10
2007,DNF,Giro d'Italia,10
2006,31,Tour de France,10
2005,14,Tour de France,10
2004,33,Tour de France,10
2003,DNF,Vuelta a España,10
2003,47,Tour de France,10
2002,59,Tour de France,10
2001,71,Tour de France,10
2000,65,Tour de France,10
1999,78,Tour de France,10
1998,53,Tour de France,10
1997,104,Tour de France,10
1996,DNF,Tour de France,10
1995,110,Vuelta a España,10
2019,DNF,Giro d'Italia,80
2018,51,Tour de France,80
2018,35,Giro d'Italia,80
2017,67,Tour de France,80
2017,34,Giro d'Italia,80
2016,73,Tour de France,80
2015,92,Tour de France,80
2014,44,Vuelta a España,80
2014,9,Tour de France,80
2013,DNF,Vuelta a España,80
2013,13,Tour de France,80
2012,8,Vuelta a España,80
2012,28,Tour de France,80
2011,58,Tour de France,80
2010,DNF,Vuelta a España,80
2009,59,Tour de France,80
2009,28,Giro d'Italia,80
2008,20,Tour de France,80
2018,39,Tour de France,167
2017,25,Tour de France,167
2016,43,Tour de France,167
2015,47,Vuelta a España,167
2015,54,Tour de France,167
2015,36,Giro d'Italia,167
2014,34,Tour de France,167
2013,31,Tour de France,167
2012,DNF,Tour de France,167
2011,27,Vuelta a España,167
2011,61,Tour de France,167
2010,31,Tour de France,167
2009,19,Tour de France,167
2008,DNF,Vuelta a España,167
2008,58,Tour de France,167
2007,16,Vuelta a España,167
2007,DNF,Tour de France,167
2006,44,Tour de France,167
2005,58,Tour de France,167
2004,30,Tour de France,167
2003,37,Tour de France,167
2002,36,Tour de France,167
2001,65,Tour de France,167
2012,DNF,Giro d'Italia,118
2011,68,Tour de France,118
2010,DNF,Vuelta a España,118
2010,111,Tour de France,118
2009,105,Tour de France,118
2008,96,Tour de France,118
2007,138,Tour de France,118
2007,DNF,Giro d'Italia,118
2006,82,Vuelta a España,118
2006,120,Tour de France,118
2005,DNF,Vuelta a España,118
2005,116,Tour de France,118
2004,104,Tour de France,118
2003,118,Tour de France,118
2002,112,Tour de France,118
2001,DNF,Tour de France,118
2017,137,Giro d'Italia,783
2015,79,Giro d'Italia,783
2013,54,Vuelta a España,783
2012,89,Vuelta a España,783
2011,69,Tour de France,783
2010,77,Vuelta a España,783
2013,139,Tour de France,59
2012,75,Vuelta a España,59
2012,87,Tour de France,59
2011,75,Tour de France,59
2010,95,Tour de France,59
2009,98,Vuelta a España,59
2009,71,Tour de France,59
2008,41,Vuelta a España,59
2008,88,Tour de France,59
2007,49,Tour de France,59
2006,69,Vuelta a España,59
2014,144,Vuelta a España,43
2013,113,Tour de France,43
2013,DNF,Giro d'Italia,43
2012,106,Tour de France,43
2011,76,Tour de France,43
2011,100,Giro d'Italia,43
2010,109,Vuelta a España,43
2010,158,Tour de France,43
2010,DNF,Giro d'Italia,43
2009,80,Vuelta a España,43
2009,84,Tour de France,43
2009,DNF,Giro d'Italia,43
2008,65,Tour de France,43
2008,94,Giro d'Italia,43
2007,68,Tour de France,43
2006,64,Vuelta a España,43
2006,58,Tour de France,43
2003,102,Vuelta a España,43
2003,55,Tour de France,43
2002,DNF,Vuelta a España,43
2002,68,Tour de France,43
2001,41,Vuelta a España,43
2001,DNF,Tour de France,43
2000,62,Tour de France,43
2013,161,Tour de France,15
2012,97,Tour de France,15
2011,93,Vuelta a España,15
2011,78,Tour de France,15
2010,DNF,Vuelta a España,15
2010,149,Tour de France,15
2009,DNF,Vuelta a España,15
2009,123,Tour de France,15
2008,106,Tour de France,15
2007,DNF,Tour de France,15
2006,65,Vuelta a España,15
2006,90,Tour de France,15
2005,77,Tour de France,15
2005,DNF,Giro d'Italia,15
2004,DNF,Vuelta a España,15
2004,61,Tour de France,15
2003,90,Tour de France,15
2002,77,Tour de France,15
2001,54,Tour de France,15
2000,DNF,Tour de France,15
1999,94,Tour de France,15
1998,54,Tour de France,15
1997,109,Tour de France,15
2023,79,Giro d'Italia,116
2022,48,Vuelta a España,116
2022,69,Giro d'Italia,116
2021,56,Vuelta a España,116
2020,32,Vuelta a España,116
2020,70,Tour de France,116
2019,30,Vuelta a España,116
2019,50,Giro d'Italia,116
2018,DNF,Tour de France,116
2017,22,Vuelta a España,116
2017,50,Giro d'Italia,116
2016,DNF,Vuelta a España,116
2016,49,Giro d'Italia,116
2015,43,Vuelta a España,116
2014,DNF,Tour de France,116
2013,79,Tour de France,116
2012,DNF,Vuelta a España,116
2012,DNF,Tour de France,116
2011,80,Tour de France,116
2010,68,Tour de France,116
2009,83,Tour de France,116
2007,DNF,Giro d'Italia,116
2016,115,Vuelta a España,88
2015,DNF,Vuelta a España,88
2015,97,Giro d'Italia,88
2014,57,Vuelta a España,88
2014,89,Tour de France,88
2013,136,Tour de France,88
2012,70,Vuelta a España,88
2012,50,Tour de France,88
2011,85,Vuelta a España,88
2011,81,Tour de France,88
2010,46,Tour de France,88
2009,34,Tour de France,88
2008,26,Vuelta a España,88
2007,DNF,Vuelta a España,88
2007,64,Tour de France,88
2006,16,Vuelta a España,88
2018,109,Giro d'Italia,106
2017,73,Giro d'Italia,106
2016,96,Tour de France,106
2015,105,Tour de France,106
2014,57,Tour de France,106
2013,126,Tour de France,106
2012,66,Tour de France,106
2011,86,Tour de France,106
2010,143,Tour de France,106
2009,47,Tour de France,106
2008,118,Tour de France,106
2008,82,Giro d'Italia,106
2007,104,Vuelta a España,106
2006,122,Vuelta a España,106
2005,82,Vuelta a España,106
2019,DNF,Giro d'Italia,782
2018,102,Tour de France,782
2017,128,Giro d'Italia,782
2016,152,Tour de France,782
2015,69,Tour de France,782
2014,135,Tour de France,782
2013,100,Tour de France,782
2012,98,Tour de France,782
2011,87,Tour de France,782
2010,94,Tour de France,782
2024,DNF,Vuelta a España,114
2024,68,Tour de France,114
2023,41,Vuelta a España,114
2023,67,Tour de France,114
2022,44,Giro d'Italia,114
2021,77,Tour de France,114
2020,44,Vuelta a España,114
2019,53,Tour de France,114
2017,43,Vuelta a España,114
2017,27,Giro d'Italia,114
2016,49,Tour de France,114
2015,DNF,Tour de France,114
2014,DNF,Tour de France,114
2013,27,Tour de France,114
2012,18,Tour de France,114
2011,90,Tour de France,114
2010,73,Tour de France,114
2009,DNF,Tour de France,114
2013,100,Vuelta a España,16
2012,155,Vuelta a España,16
2012,99,Tour de France,16
2011,120,Vuelta a España,16
2011,95,Tour de France,16
2010,155,Tour de France,16
2010,72,Giro d'Italia,16
2009,30,Tour de France,16
2008,115,Tour de France,16
2008,34,Giro d'Italia,16
2006,28,Vuelta a España,16
2006,77,Giro d'Italia,16
2005,39,Vuelta a España,16
2005,71,Tour de France,16
2004,88,Tour de France,16
2003,87,Vuelta a España,16
2003,44,Tour de France,16
2002,20,Tour de France,16
2001,49,Tour de France,16
2018,107,Tour de France,339
2016,86,Vuelta a España,339
2016,DNF,Tour de France,339
2015,114,Vuelta a España,339
2015,DNF,Tour de France,339
2015,DNF,Giro d'Italia,339
2014,DNF,Tour de France,339
2013,DNF,Vuelta a España,339
2013,80,Tour de France,339
2012,79,Tour de France,339
2011,96,Tour de France,339
2010,DNF,Vuelta a España,339
2010,DNF,Tour de France,339
2009,DNF,Vuelta a España,339
2009,43,Giro d'Italia,339
2008,76,Tour de France,339
2007,93,Tour de France,339
2006,78,Tour de France,339
2005,126,Tour de France,339
2020,86,Vuelta a España,169
2013,151,Tour de France,169
2011,97,Tour de France,169
2009,153,Tour de France,169
2016,124,Giro d'Italia,601
2015,DNF,Vuelta a España,601
2015,119,Giro d'Italia,601
2014,137,Vuelta a España,601
2014,92,Giro d'Italia,601
2013,131,Giro d'Italia,601
2012,DNF,Tour de France,601
2011,99,Tour de France,601
2010,132,Tour de France,601
2009,100,Giro d'Italia,601
2008,58,Vuelta a España,601
2021,58,Tour de France,327
2020,69,Tour de France,327
2019,70,Tour de France,327
2018,90,Tour de France,327
2017,72,Tour de France,327
2016,76,Tour de France,327
2015,56,Tour de France,327
2014,43,Tour de France,327
2013,DNF,Tour de France,327
2012,49,Tour de France,327
2011,103,Tour de France,327
2010,99,Giro d'Italia,327
2009,110,Vuelta a España,327
2018,41,Tour de France,861
2017,DNF,Tour de France,861
2016,78,Tour de France,861
2014,DNF,Tour de France,861
2013,66,Tour de France,861
2012,94,Tour de France,861
2011,104,Tour de France,861
2010,DNF,Vuelta a España,861
2011,108,Tour de France,79
2009,72,Tour de France,79
2008,66,Tour de France,79
2007,55,Vuelta a España,79
2006,84,Tour de France,79
2005,83,Tour de France,79
2004,92,Vuelta a España,79
2014,114,Giro d'Italia,282
2013,96,Giro d'Italia,282
2012,86,Tour de France,282
2011,109,Tour de France,282
2011,DNF,Giro d'Italia,282
2010,108,Vuelta a España,282
2010,135,Tour de France,282
2010,DNF,Giro d'Italia,282
2008,104,Giro d'Italia,282
2004,106,Tour de France,282
2002,104,Tour de France,282
2002,DNF,Giro d'Italia,282
2001,93,Vuelta a España,282
2001,91,Giro d'Italia,282
2000,DNF,Vuelta a España,282
1999,90,Vuelta a España,282
2020,109,Tour de France,36
2019,16,Tour de France,36
2018,55,Giro d'Italia,36
2017,24,Tour de France,36
2016,10,Tour de France,36
2015,17,Tour de France,36
2015,28,Giro d'Italia,36
2013,DNF,Vuelta a España,36
2013,5,Tour de France,36
2012,15,Giro d'Italia,36
2011,112,Tour de France,36
2011,6,Giro d'Italia,36
2010,28,Vuelta a España,36
2010,9,Tour de France,36
2009,61,Vuelta a España,36
2009,9,Tour de France,36
2008,12,Tour de France,36
2007,21,Vuelta a España,36
2013,DNF,Tour de France,734
2012,108,Vuelta a España,734
2011,116,Tour de France,734
2010,104,Tour de France,734
2008,62,Vuelta a España,734
2007,114,Tour de France,734
2006,DNF,Tour de France,734
2005,58,Vuelta a España,734
2005,107,Tour de France,734
2004,66,Tour de France,734
2003,45,Vuelta a España,734
2002,DNF,Vuelta a España,734
2016,DNF,Tour de France,12
2016,DNF,Giro d'Italia,12
2015,DNF,Vuelta a España,12
2015,DNF,Tour de France,12
2014,DNF,Vuelta a España,12
2014,DNF,Tour de France,12
2013,DNF,Vuelta a España,12
2012,DNF,Tour de France,12
2011,DNF,Vuelta a España,12
2011,119,Tour de France,12
2010,DNF,Vuelta a España,12
2010,121,Tour de France,12
2009,DNF,Vuelta a España,12
2009,90,Tour de France,12
2009,DNF,Giro d'Italia,12
2008,62,Tour de France,12
2007,99,Tour de France,12
2007,DNF,Giro d'Italia,12
2006,DNF,Vuelta a España,12
2005,128,Tour de France,12
2004,109,Tour de France,12
2014,154,Vuelta a España,522
2011,120,Tour de France,522
2010,113,Tour de France,522
2013,155,Tour de France,135
2011,125,Tour de France,135
2010,128,Tour de France,135
2009,115,Tour de France,135
2007,DNF,Giro d'Italia,135
2005,140,Giro d'Italia,135
2004,DNF,Vuelta a España,135
2014,101,Vuelta a España,566
2014,99,Giro d'Italia,566
2013,89,Vuelta a España,566
2013,67,Giro d'Italia,566
2012,108,Giro d'Italia,566
2011,126,Tour de France,566
2009,113,Giro d'Italia,566
2008,DNF,Tour de France,566
2007,123,Tour de France,566
2013,167,Tour de France,90
2011,129,Tour de France,90
2010,148,Tour de France,90
2009,147,Tour de France,90
2008,131,Vuelta a España,90
2007,51,Giro d'Italia,90
2005,92,Giro d'Italia,90
2024,141,Tour de France,14
2023,DNF,Tour de France,14
2023,120,Giro d'Italia,14
2022,145,Giro d'Italia,14
2021,139,Tour de France,14
2018,DNF,Tour de France,14
2017,DNF,Tour de France,14
2016,DNF,Tour de France,14
2015,142,Tour de France,14
2014,DNF,Tour de France,14
2013,148,Tour de France,14
2013,127,Giro d'Italia,14
2012,142,Tour de France,14
2012,145,Giro d'Italia,14
2011,DNF,Vuelta a España,14
2011,130,Tour de France,14
2011,DNF,Giro d'Italia,14
2010,144,Vuelta a España,14
2010,154,Tour de France,14
2009,130,Tour de France,14
2009,DNF,Giro d'Italia,14
2008,DNF,Tour de France,14
2008,132,Giro d'Italia,14
2007,DNF,Tour de France,14
2020,142,Vuelta a España,155
2019,DNF,Vuelta a España,155
2018,112,Vuelta a España,155
2017,DNF,Tour de France,155
2016,148,Giro d'Italia,155
2015,109,Vuelta a España,155
2014,143,Tour de France,155
2012,144,Giro d'Italia,155
2011,132,Tour de France,155
2010,DNF,Vuelta a España,155
2010,DNF,Tour de France,155
2009,73,Vuelta a España,155
2009,100,Tour de France,155
2008,103,Vuelta a España,155
2007,DNF,Vuelta a España,155
2007,116,Tour de France,155
2006,129,Giro d'Italia,155
2023,68,Tour de France,965
2022,DNF,Vuelta a España,965
2021,DNF,Tour de France,965
2019,90,Tour de France,965
2016,90,Tour de France,965
2015,85,Tour de France,965
2014,78,Tour de France,965
2013,89,Tour de France,965
2012,DNF,Tour de France,965
2011,135,Tour de France,965
2017,160,Tour de France,387
2016,DNF,Tour de France,387
2014,124,Giro d'Italia,387
2012,129,Tour de France,387
2011,136,Tour de France,387
2011,DNF,Giro d'Italia,387
2009,102,Vuelta a España,387
2024,58,Giro d'Italia,828
2023,61,Giro d'Italia,828
2022,66,Giro d'Italia,828
2020,18,Giro d'Italia,828
2017,83,Tour de France,828
2014,113,Giro d'Italia,828
2012,121,Vuelta a España,828
2011,137,Tour de France,828
2010,DNF,Vuelta a España,828
2009,132,Giro d'Italia,828
2011,138,Tour de France,959
2013,152,Tour de France,512
2013,DNF,Giro d'Italia,512
2012,120,Tour de France,512
2012,DNF,Giro d'Italia,512
2011,DNF,Vuelta a España,512
2011,142,Tour de France,512
2010,138,Vuelta a España,512
2010,DNF,Giro d'Italia,512
2009,131,Giro d'Italia,512
2022,114,Tour de France,361
2021,136,Giro d'Italia,361
2020,107,Giro d'Italia,361
2018,122,Tour de France,361
2017,116,Tour de France,361
2016,159,Tour de France,361
2015,140,Vuelta a España,361
2014,122,Vuelta a España,361
2014,112,Tour de France,361
2013,114,Tour de France,361
2012,138,Vuelta a España,361
2012,117,Giro d'Italia,361
2011,143,Tour de France,361
2010,127,Giro d'Italia,361
2009,131,Vuelta a España,361
2017,120,Tour de France,494
2016,86,Tour de France,494
2015,64,Tour de France,494
2014,95,Tour de France,494
2013,101,Vuelta a España,494
2012,43,Tour de France,494
2011,144,Tour de France,494
2010,136,Tour de France,494
2010,70,Giro d'Italia,494
2009,22,Giro d'Italia,494
2008,42,Vuelta a España,494
2007,77,Tour de France,494
2006,DNF,Tour de France,494
2005,78,Tour de France,494
2011,146,Tour de France,753
2011,110,Giro d'Italia,753
2010,126,Giro d'Italia,753
2009,112,Giro d'Italia,753
2008,105,Giro d'Italia,753
2007,83,Vuelta a España,753
2007,81,Giro d'Italia,753
2006,124,Vuelta a España,753
2006,84,Giro d'Italia,753
2005,69,Giro d'Italia,753
2003,114,Vuelta a España,753
2002,94,Tour de France,753
2002,24,Giro d'Italia,753
2001,84,Vuelta a España,753
2000,80,Giro d'Italia,753
2012,171,Vuelta a España,71
2012,143,Giro d'Italia,71
2011,147,Tour de France,71
2010,148,Vuelta a España,71
2010,131,Giro d'Italia,71
2009,139,Tour de France,71
2009,167,Giro d'Italia,71
2008,104,Vuelta a España,71
2008,140,Giro d'Italia,71
2007,128,Giro d'Italia,71
2011,148,Tour de France,115
2009,114,Tour de France,115
2008,112,Tour de France,115
2006,129,Tour de France,115
2005,113,Vuelta a España,115
2004,DNF,Vuelta a España,115
2013,122,Vuelta a España,869
2013,DNF,Giro d'Italia,869
2012,134,Tour de France,869
2011,149,Tour de France,869
2010,101,Vuelta a España,869
2014,139,Vuelta a España,20
2011,150,Tour de France,20
2011,DNF,Giro d'Italia,20
2010,133,Tour de France,20
2009,DNF,Vuelta a España,20
2009,125,Tour de France,20
2008,103,Tour de France,20
2017,106,Tour de France,906
2016,74,Vuelta a España,906
2015,74,Tour de France,906
2014,83,Tour de France,906
2014,80,Giro d'Italia,906
2011,151,Tour de France,906
2010,100,Vuelta a España,906
2014,83,Vuelta a España,922
2013,91,Vuelta a España,922
2012,90,Tour de France,922
2011,152,Tour de France,922
2010,87,Vuelta a España,922
2016,134,Tour de France,1709
2016,122,Giro d'Italia,1709
2015,143,Tour de France,1709
2014,141,Tour de France,1709
2013,120,Tour de France,1709
2013,87,Giro d'Italia,1709
2012,137,Giro d'Italia,1709
2011,157,Tour de France,1709
2017,134,Tour de France,904
2016,158,Tour de France,904
2015,137,Tour de France,904
2014,128,Tour de France,904
2013,158,Tour de France,904
2012,139,Tour de France,904
2011,158,Tour de France,904
2009,DNF,Giro d'Italia,904
2007,DNF,Giro d'Italia,904
2006,149,Giro d'Italia,904
2005,127,Vuelta a España,904
2017,153,Tour de France,93
2016,171,Tour de France,93
2015,143,Giro d'Italia,93
2014,126,Tour de France,93
2014,138,Giro d'Italia,93
2012,146,Tour de France,93
2012,152,Giro d'Italia,93
2011,161,Tour de France,93
2010,DNF,Vuelta a España,93
2010,156,Tour de France,93
2009,149,Tour de France,93
2008,141,Tour de France,93
2007,120,Tour de France,93
2006,DNF,Vuelta a España,93
2006,107,Tour de France,93
2005,DNF,Vuelta a España,93
2005,143,Tour de France,93
2004,131,Tour de France,93
2003,64,Giro d'Italia,93
2019,DNF,Giro d'Italia,97
2018,DNF,Tour de France,97
2017,DNF,Tour de France,97
2016,DNF,Tour de France,97
2015,DNF,Tour de France,97
2014,142,Tour de France,97
2012,DNF,Tour de France,97
2012,DNF,Giro d'Italia,97
2011,163,Tour de France,97
2011,DNF,Giro d'Italia,97
2010,DNF,Tour de France,97
2009,148,Tour de France,97
2009,DNF,Giro d'Italia,97
2008,DNF,Tour de France,97
2007,144,Vuelta a España,97
2006,DNF,Vuelta a España,97
2005,144,Giro d'Italia,97
2019,141,Tour de France,92
2018,149,Vuelta a España,92
2018,92,Tour de France,92
2017,131,Tour de France,92
2016,89,Tour de France,92
2015,DNF,Vuelta a España,92
2015,70,Giro d'Italia,92
2014,154,Tour de France,92
2013,98,Tour de France,92
2012,58,Tour de France,92
2011,164,Tour de France,92
2010,161,Tour de France,92
2008,117,Tour de France,92
2007,126,Tour de France,92
2005,77,Vuelta a España,92
2014,153,Tour de France,50
2013,134,Giro d'Italia,50
2012,147,Vuelta a España,50
2011,165,Tour de France,50
2009,140,Tour de France,50
2009,144,Giro d'Italia,50
2008,92,Tour de France,50
2008,137,Giro d'Italia,50
2021,133,Giro d'Italia,122
2019,92,Giro d'Italia,122
2018,152,Vuelta a España,122
2018,129,Giro d'Italia,122
2017,154,Tour de France,122
2016,150,Tour de France,122
2016,DNF,Giro d'Italia,122
2015,110,Giro d'Italia,122
2014,118,Tour de France,122
2013,117,Tour de France,122
2013,93,Giro d'Italia,122
2012,79,Giro d'Italia,122
2011,167,Tour de France,122
2011,104,Giro d'Italia,122
2010,101,Giro d'Italia,122
2009,115,Vuelta a España,122
2009,146,Tour de France,122
2008,102,Vuelta a España,122
2008,DNF,Giro d'Italia,122
2007,131,Vuelta a España,122
2007,DNF,Giro d'Italia,122
2012,100,Tour de France,48
2011,DNF,Tour de France,48
2010,DNF,Vuelta a España,48
2010,101,Tour de France,48
2009,76,Tour de France,48
2009,152,Giro d'Italia,48
2008,DNF,Giro d'Italia,48
2007,DNF,Tour de France,48
2007,58,Giro d'Italia,48
2006,73,Tour de France,48
2005,DNF,Tour de France,48
2005,104,Giro d'Italia,48
2004,DNF,Vuelta a España,48
2002,120,Vuelta a España,48
2017,134,Giro d'Italia,557
2016,90,Giro d'Italia,557
2015,101,Vuelta a España,557
2013,110,Tour de France,557
2013,103,Giro d'Italia,557
2012,106,Vuelta a España,557
2012,95,Giro d'Italia,557
2011,DNF,Tour de France,557
2011,128,Giro d'Italia,557
2010,102,Tour de France,557
2009,125,Giro d'Italia,557
2008,105,Vuelta a España,557
2008,DNF,Giro d'Italia,557
2007,87,Giro d'Italia,557
2019,DNF,Vuelta a España,402
2018,DNF,Giro d'Italia,402
2017,112,Tour de France,402
2017,102,Giro d'Italia,402
2016,103,Tour de France,402
2015,83,Vuelta a España,402
2015,84,Giro d'Italia,402
2014,110,Vuelta a España,402
2014,86,Tour de France,402
2013,73,Vuelta a España,402
2013,DNF,Tour de France,402
2012,77,Tour de France,402
2011,DNF,Tour de France,402
2011,25,Giro d'Italia,402
2010,60,Tour de France,402
2010,37,Giro d'Italia,402
2009,16,Vuelta a España,402
2009,73,Giro d'Italia,402
2008,34,Vuelta a España,402
2008,35,Giro d'Italia,402
2013,163,Tour de France,137
2013,117,Giro d'Italia,137
2012,142,Vuelta a España,137
2011,DNF,Tour de France,137
2010,88,Vuelta a España,137
2009,85,Tour de France,137
2008,110,Tour de France,137
2007,72,Tour de France,137
2017,83,Giro d'Italia,359
2016,74,Tour de France,359
2015,DNF,Vuelta a España,359
2015,19,Giro d'Italia,359
2014,33,Vuelta a España,359
2014,45,Giro d'Italia,359
2013,51,Vuelta a España,359
2013,99,Giro d'Italia,359
2012,38,Vuelta a España,359
2012,23,Giro d'Italia,359
2011,DNF,Tour de France,359
2011,19,Giro d'Italia,359
2010,54,Tour de France,359
2010,DNF,Giro d'Italia,359
2009,8,Vuelta a España,359
2009,38,Giro d'Italia,359
2008,27,Vuelta a España,359
2008,46,Tour de France,359
2007,DNF,Vuelta a España,359
2007,26,Giro d'Italia,359
2006,69,Tour de France,359
2006,15,Giro d'Italia,359
2005,32,Giro d'Italia,359
2003,DNF,Giro d'Italia,359
2002,43,Vuelta a España,359
2000,96,Vuelta a España,359
2013,153,Tour de France,175
2013,DNF,Giro d'Italia,175
2012,110,Vuelta a España,175
2011,DNF,Tour de France,175
2008,108,Tour de France,175
2007,137,Tour de France,175
2006,136,Tour de France,175
2005,105,Vuelta a España,175
2004,131,Giro d'Italia,175
2003,DNF,Giro d'Italia,175
2013,DNF,Giro d'Italia,47
2012,1,Tour de France,47
2011,3,Vuelta a España,47
2011,DNF,Tour de France,47
2010,24,Tour de France,47
2010,40,Giro d'Italia,47
2009,4,Tour de France,47
2009,71,Giro d'Italia,47
2008,134,Giro d'Italia,47
2007,DNF,Tour de France,47
2006,123,Tour de France,47
2005,123,Giro d'Italia,47
2003,DNF,Giro d'Italia,47
2017,45,Tour de France,252
2014,DNF,Giro d'Italia,252
2013,26,Vuelta a España,252
2013,DNF,Tour de France,252
2012,9,Tour de France,252
2011,22,Vuelta a España,252
2011,DNF,Tour de France,252
2010,43,Tour de France,252
2009,18,Giro d'Italia,252
2007,DNF,Vuelta a España,252
2006,30,Vuelta a España,252
2014,17,Tour de France,323
2013,1,Vuelta a España,323
2012,13,Tour de France,323
2011,DNF,Tour de France,323
2010,10,Tour de France,323
2009,DNF,Vuelta a España,323
2009,DNF,Giro d'Italia,323
2007,36,Vuelta a España,323
2007,15,Tour de France,323
2006,20,Vuelta a España,323
2006,63,Tour de France,323
2005,33,Tour de France,323
2015,132,Vuelta a España,5
2014,115,Vuelta a España,5
2013,85,Vuelta a España,5
2013,133,Giro d'Italia,5
2012,76,Tour de France,5
2011,DNF,Tour de France,5
2011,64,Giro d'Italia,5
2010,85,Tour de France,5
2009,40,Tour de France,5
2009,15,Giro d'Italia,5
2008,52,Vuelta a España,5
2008,22,Tour de France,5
2007,8,Tour de France,5
2007,DNF,Giro d'Italia,5
2006,24,Tour de France,5
2005,12,Tour de France,5
2004,5,Giro d'Italia,5
2003,3,Giro d'Italia,5
2002,12,Giro d'Italia,5
2024,43,Tour de France,929
2023,15,Vuelta a España,929
2023,27,Tour de France,929
2022,DNF,Vuelta a España,929
2022,34,Giro d'Italia,929
2021,23,Vuelta a España,929
2021,16,Tour de France,929
2020,6,Vuelta a España,929
2020,110,Tour de France,929
2019,34,Vuelta a España,929
2019,26,Tour de France,929
2018,58,Tour de France,929
2018,12,Giro d'Italia,929
2017,6,Vuelta a España,929
2016,28,Tour de France,929
2015,44,Tour de France,929
2014,38,Vuelta a España,929
2014,21,Giro d'Italia,929
2013,DNF,Vuelta a España,929
2013,28,Tour de France,929
2012,DNF,Tour de France,929
2011,17,Vuelta a España,929
2011,DNF,Tour de France,929
2016,11,Vuelta a España,27
2016,16,Giro d'Italia,27
2015,41,Tour de France,27
2014,49,Tour de France,27
2014,DNF,Giro d'Italia,27
2013,15,Vuelta a España,27
2013,4,Giro d'Italia,27
2012,24,Tour de France,27
2012,4,Giro d'Italia,27
2011,DNF,Vuelta a España,27
2011,2,Giro d'Italia,27
2010,4,Giro d'Italia,27
2009,32,Giro d'Italia,27
2006,DNF,Giro d'Italia,27
2005,12,Vuelta a España,27
2005,47,Giro d'Italia,27
2004,32,Tour de France,27
2003,13,Vuelta a España,27
2003,16,Giro d'Italia,27
2002,18,Giro d'Italia,27
2013,116,Giro d'Italia,288
2012,67,Vuelta a España,288
2012,30,Tour de France,288
2009,10,Vuelta a España,288
2008,DNF,Tour de France,288
2007,19,Tour de France,288
2006,DNF,Vuelta a España,288
2005,DNF,Giro d'Italia,288
2024,19,Vuelta a España,730
2022,DNF,Tour de France,730
2021,12,Vuelta a España,730
2021,DNF,Tour de France,730
2020,DNF,Giro d'Italia,730
2019,DNF,Vuelta a España,730
2019,3,Tour de France,730
2018,4,Vuelta a España,730
2018,5,Tour de France,730
2017,9,Vuelta a España,730
2017,DNF,Giro d'Italia,730
2016,DNF,Vuelta a España,730
2016,4,Giro d'Italia,730
2015,21,Tour de France,730
2015,7,Giro d'Italia,730
2014,15,Tour de France,730
2014,DNF,Giro d'Italia,730
2013,26,Giro d'Italia,730
2012,33,Tour de France,730
2011,41,Vuelta a España,730
2011,9,Giro d'Italia,730
2010,18,Giro d'Italia,730
2023,127,Tour de France,784
2022,115,Tour de France,784
2021,DNF,Tour de France,784
2021,117,Giro d'Italia,784
2020,92,Giro d'Italia,784
2020,84,Tour de France,784
2019,82,Tour de France,784
2018,119,Vuelta a España,784
2018,71,Tour de France,784
2017,DNF,Tour de France,784
2016,95,Tour de France,784
2015,DNF,Vuelta a España,784
2015,46,Tour de France,784
2014,DNF,Vuelta a España,784
2014,60,Tour de France,784
2013,82,Tour de France,784
2012,42,Tour de France,784
2011,121,Vuelta a España,784
2016,DNF,Vuelta a España,759
2016,47,Giro d'Italia,759
2015,85,Giro d'Italia,759
2014,39,Giro d'Italia,759
2013,49,Tour de France,759
2012,59,Tour de France,759
2011,56,Vuelta a España,759
2011,146,Giro d'Italia,759
2010,126,Vuelta a España,759
2009,DNF,Giro d'Italia,759
2020,DNF,Giro d'Italia,300
2015,144,Tour de France,300
2015,92,Giro d'Italia,300
2014,DNF,Giro d'Italia,300
2013,38,Giro d'Italia,300
2012,88,Vuelta a España,300
2012,72,Tour de France,300
2011,45,Giro d'Italia,300
2010,24,Giro d'Italia,300
2009,44,Vuelta a España,300
2008,60,Tour de France,300
2007,127,Tour de France,300
2006,61,Vuelta a España,300
2006,92,Tour de France,300
2005,72,Tour de France,300
2004,59,Vuelta a España,300
2013,DNF,Tour de France,250
2012,34,Vuelta a España,250
2012,78,Tour de France,250
2011,89,Vuelta a España,250
2010,18,Vuelta a España,250
2007,DNF,Tour de France,250
2006,3,Vuelta a España,250
2005,19,Tour de France,250
2002,DNF,Vuelta a España,250
2023,123,Giro d'Italia,163
2021,116,Vuelta a España,163
2021,77,Giro d'Italia,163
2020,89,Giro d'Italia,163
2019,110,Vuelta a España,163
2017,109,Tour de France,163
2016,106,Vuelta a España,163
2016,116,Tour de France,163
2015,65,Vuelta a España,163
2014,65,Tour de France,163
2014,127,Giro d'Italia,163
2013,99,Tour de France,163
2012,84,Tour de France,163
2010,112,Tour de France,163
2010,93,Giro d'Italia,163
2009,128,Tour de France,163
2016,152,Vuelta a España,703
2015,117,Vuelta a España,703
2014,130,Vuelta a España,703
2012,88,Tour de France,703
2012,DNF,Giro d'Italia,703
2011,125,Vuelta a España,703
2010,106,Vuelta a España,703
2009,95,Vuelta a España,703
2008,73,Vuelta a España,703
2021,129,Tour de France,964
2020,65,Vuelta a España,964
2019,108,Tour de France,964
2018,101,Tour de France,964
2017,117,Tour de France,964
2015,74,Vuelta a España,964
2015,94,Tour de France,964
2014,109,Tour de France,964
2013,87,Tour de France,964
2012,92,Tour de France,964
2019,129,Tour de France,271
2018,124,Vuelta a España,271
2017,141,Tour de France,271
2016,140,Tour de France,271
2015,102,Vuelta a España,271
2015,86,Tour de France,271
2013,149,Giro d'Italia,271
2012,156,Vuelta a España,271
2012,95,Tour de France,271
2010,151,Tour de France,271
2010,55,Giro d'Italia,271
2008,96,Giro d'Italia,271
2007,110,Giro d'Italia,271
2012,114,Tour de France,1859
2011,94,Giro d'Italia,1859
2010,DNF,Giro d'Italia,1859
2013,DNF,Vuelta a España,388
2012,117,Tour de France,388
2010,DNF,Giro d'Italia,388
2008,DNF,Tour de France,388
2005,142,Tour de France,388
2005,DNF,Giro d'Italia,388
2004,139,Tour de France,388
2003,140,Tour de France,388
2002,127,Tour de France,388
2012,119,Tour de France,74
2011,67,Vuelta a España,74
2011,53,Giro d'Italia,74
2010,74,Vuelta a España,74
2010,54,Giro d'Italia,74
2009,73,Tour de France,74
2008,81,Giro d'Italia,74
2007,29,Vuelta a España,74
2007,DNF,Giro d'Italia,74
2006,79,Vuelta a España,74
2006,36,Giro d'Italia,74
2005,27,Vuelta a España,74
2005,37,Giro d'Italia,74
2004,24,Vuelta a España,74
2003,28,Vuelta a España,74
2002,33,Vuelta a España,74
2012,127,Tour de France,720
2012,112,Giro d'Italia,720
2010,48,Vuelta a España,720
2010,64,Giro d'Italia,720
2009,155,Giro d'Italia,720
2008,102,Giro d'Italia,720
2012,137,Tour de France,1912
2013,DNF,Giro d'Italia,248
2012,143,Tour de France,248
2011,DNF,Vuelta a España,248
2010,138,Tour de France,248
2009,76,Vuelta a España,248
2008,72,Vuelta a España,248
2007,52,Vuelta a España,248
2005,135,Tour de France,248
2004,115,Tour de France,248
2003,100,Vuelta a España,248
2002,146,Tour de France,248
2001,107,Vuelta a España,248
2000,103,Giro d'Italia,248
2019,155,Tour de France,312
2018,128,Vuelta a España,312
2016,DNF,Tour de France,312
2015,DNF,Tour de France,312
2014,140,Tour de France,312
2012,150,Tour de France,312
2010,116,Vuelta a España,312
2008,128,Tour de France,312
2007,112,Vuelta a España,312
2018,115,Vuelta a España,32
2017,120,Vuelta a España,32
2016,87,Vuelta a España,32
2015,143,Vuelta a España,32
2014,97,Vuelta a España,32
2013,59,Vuelta a España,32
2013,146,Tour de France,32
2012,83,Vuelta a España,32
2012,DNF,Tour de France,32
2011,49,Vuelta a España,32
2010,37,Vuelta a España,32
2010,90,Tour de France,32
2009,77,Tour de France,32
2008,51,Giro d'Italia,32
2007,45,Vuelta a España,32
2015,128,Giro d'Italia,128
2014,DNF,Vuelta a España,128
2014,DNF,Giro d'Italia,128
2013,154,Tour de France,128
2013,121,Giro d'Italia,128
2012,DNF,Tour de France,128
2012,DNF,Giro d'Italia,128
2011,DNF,Giro d'Italia,128
2010,159,Tour de France,128
2009,126,Tour de France,128
2008,126,Tour de France,128
2007,DNF,Tour de France,128
2007,115,Giro d'Italia,128
2005,112,Giro d'Italia,128
2004,124,Giro d'Italia,128
2003,DNF,Giro d'Italia,128
2016,138,Tour de France,367
2015,DNF,Vuelta a España,367
2014,117,Tour de France,367
2013,132,Tour de France,367
2013,DNF,Giro d'Italia,367
2012,DNF,Tour de France,367
2010,117,Tour de France,367
2009,113,Vuelta a España,367
2016,7,Tour de France,246
2015,2,Vuelta a España,246
2015,29,Tour de France,246
2014,4,Vuelta a España,246
2014,54,Tour de France,246
2014,DNF,Giro d'Italia,246
2013,4,Vuelta a España,246
2013,3,Tour de France,246
2012,3,Vuelta a España,246
2012,2,Giro d'Italia,246
2011,19,Vuelta a España,246
2011,5,Giro d'Italia,246
2010,4,Vuelta a España,246
2010,8,Tour de France,246
2009,7,Vuelta a España,246
2009,DNF,Giro d'Italia,246
2008,6,Vuelta a España,246
2008,17,Giro d'Italia,246
2006,17,Vuelta a España,246
2005,38,Vuelta a España,246
2005,80,Giro d'Italia,246
2004,42,Vuelta a España,246
2003,26,Vuelta a España,246
2001,80,Giro d'Italia,246
2024,54,Tour de France,2961
2023,49,Tour de France,2961
2021,68,Tour de France,2961
2020,30,Tour de France,2961
2019,83,Tour de France,2961
2018,43,Vuelta a España,2961
2018,49,Tour de France,2961
2017,57,Tour de France,2961
2016,DNF,Vuelta a España,2961
2015,DNF,Tour de France,2961
2014,28,Tour de France,2961
2013,11,Tour de France,2961
2012,136,Giro d'Italia,2961
2021,31,Vuelta a España,868
2021,25,Giro d'Italia,868
2020,13,Vuelta a España,868
2020,DNF,Tour de France,868
2019,10,Vuelta a España,868
2019,17,Giro d'Italia,868
2018,23,Tour de France,868
2018,17,Giro d'Italia,868
2017,16,Vuelta a España,868
2017,14,Tour de France,868
2016,17,Tour de France,868
2016,25,Giro d'Italia,868
2015,8,Vuelta a España,868
2015,17,Giro d'Italia,868
2014,12,Vuelta a España,868
2014,18,Tour de France,868
2013,23,Vuelta a España,868
2013,12,Tour de France,868
2012,10,Giro d'Italia,868
2011,10,Vuelta a España,868
2011,11,Giro d'Italia,868
2010,12,Vuelta a España,868
2024,30,Tour de France,2275
2024,9,Giro d'Italia,2275
2023,21,Vuelta a España,2275
2023,DNF,Tour de France,2275
2022,6,Tour de France,2275
2022,DNF,Giro d'Italia,2275
2021,25,Vuelta a España,2275
2021,7,Giro d'Italia,2275
2020,DNF,Tour de France,2275
2019,15,Tour de France,2275
2018,6,Tour de France,2275
2017,17,Vuelta a España,2275
2017,3,Tour de France,2275
2016,2,Tour de France,2275
2015,9,Tour de France,2275
2014,6,Tour de France,2275
2013,15,Tour de France,2275
2018,38,Vuelta a España,335
2017,18,Vuelta a España,335
2016,8,Vuelta a España,335
2016,31,Tour de France,335
2015,9,Vuelta a España,335
2014,11,Vuelta a España,335
2014,41,Giro d'Italia,335
2013,10,Vuelta a España,335
2013,17,Tour de France,335
2012,5,Vuelta a España,335
2012,20,Giro d'Italia,335
2011,9,Vuelta a España,335
2011,29,Giro d'Italia,335
2010,21,Tour de France,335
2010,26,Giro d'Italia,335
2009,11,Vuelta a España,335
2008,12,Vuelta a España,335
2007,12,Vuelta a España,335
2006,36,Vuelta a España,335
2015,122,Tour de France,463
2014,93,Vuelta a España,463
2014,48,Tour de France,463
2013,21,Tour de France,463
2013,27,Giro d'Italia,463
2012,87,Giro d'Italia,463
2011,52,Giro d'Italia,463
2010,30,Giro d'Italia,463
2009,13,Giro d'Italia,463
2008,26,Giro d'Italia,463
2006,31,Giro d'Italia,463
2020,DNF,Vuelta a España,948
2018,90,Vuelta a España,948
2018,11,Giro d'Italia,948
2017,DNF,Vuelta a España,948
2017,DNF,Giro d'Italia,948
2016,108,Vuelta a España,948
2016,DNF,Giro d'Italia,948
2015,112,Tour de France,948
2015,9,Giro d'Italia,948
2014,13,Giro d'Italia,948
2013,47,Vuelta a España,948
2013,44,Tour de France,948
2012,90,Vuelta a España,948
2011,159,Vuelta a España,948
2022,DNF,Tour de France,14716
2020,35,Tour de France,14716
2019,41,Tour de France,14716
2019,29,Giro d'Italia,14716
2018,DNF,Tour de France,14716
2017,13,Tour de France,14716
2016,20,Tour de France,14716
2015,26,Tour de France,14716
2014,11,Giro d'Italia,14716
2013,46,Tour de France,14716
2013,50,Tour de France,408
2011,92,Giro d'Italia,408
2010,DNF,Vuelta a España,408
2024,125,Vuelta a España,3103
2024,51,Giro d'Italia,3103
2023,38,Giro d'Italia,3103
2022,103,Vuelta a España,3103
2022,92,Giro d'Italia,3103
2021,DNF,Giro d'Italia,3103
2020,100,Tour de France,3103
2019,DNF,Tour de France,3103
2018,76,Vuelta a España,3103
2018,65,Giro d'Italia,3103
2017,70,Vuelta a España,3103
2017,99,Tour de France,3103
2016,94,Giro d'Italia,3103
2015,78,Vuelta a España,3103
2014,67,Vuelta a España,3103
2014,52,Tour de France,3103
2013,71,Tour de France,3103
2012,98,Giro d'Italia,3103
2011,109,Giro d'Italia,3103
2023,29,Vuelta a España,6222
2023,69,Giro d'Italia,6222
2022,31,Vuelta a España,6222
2021,DNF,Vuelta a España,6222
2021,37,Giro d'Italia,6222
2020,39,Tour de France,6222
2019,33,Tour de France,6222
2018,14,Vuelta a España,6222
2018,38,Tour de France,6222
2017,36,Tour de France,6222
2017,44,Giro d'Italia,6222
2016,30,Vuelta a España,6222
2014,51,Tour de France,6222
2013,73,Tour de France,6222
2012,113,Vuelta a España,6222
2024,94,Tour de France,168
2024,14,Giro d'Italia,168
2023,DNF,Tour de France,168
2022,44,Tour de France,168
2021,62,Tour de France,168
2020,DNF,Vuelta a España,168
2020,48,Tour de France,168
2019,63,Tour de France,168
2018,DNF,Vuelta a España,168
2018,25,Tour de France,168
2017,64,Tour de France,168
2017,54,Giro d'Italia,168
2016,66,Tour de France,168
2015,38,Tour de France,168
2015,89,Giro d'Italia,168
2014,69,Giro d'Italia,168
2013,75,Tour de France,168
2012,71,Vuelta a España,168
2011,115,Vuelta a España,168
2009,112,Tour de France,168
2018,66,Giro d'Italia,492
2017,DNF,Tour de France,492
2016,63,Giro d'Italia,492
2015,80,Giro d'Italia,492
2014,118,Giro d'Italia,492
2013,70,Vuelta a España,492
2013,76,Tour de France,492
2011,107,Vuelta a España,492
2010,90,Vuelta a España,492
2009,93,Giro d'Italia,492
2007,DNF,Giro d'Italia,492
2006,88,Giro d'Italia,492
2005,85,Giro d'Italia,492
2004,76,Giro d'Italia,492
2013,46,Vuelta a España,62
2013,78,Tour de France,62
2012,50,Vuelta a España,62
2012,51,Giro d'Italia,62
2011,50,Vuelta a España,62
2011,DNF,Giro d'Italia,62
2010,56,Vuelta a España,62
2010,DNF,Tour de France,62
2009,106,Tour de France,62
2008,100,Tour de France,62
2023,67,Giro d'Italia,580
2022,67,Giro d'Italia,580
2021,29,Giro d'Italia,580
2019,59,Giro d'Italia,580
2018,53,Giro d'Italia,580
2015,58,Giro d'Italia,580
2013,84,Tour de France,580
2011,58,Vuelta a España,580
2010,105,Tour de France,580
2009,69,Giro d'Italia,580
2008,84,Giro d'Italia,580
2024,53,Tour de France,871
2023,60,Vuelta a España,871
2023,15,Tour de France,871
2022,48,Tour de France,871
2022,64,Giro d'Italia,871
2021,23,Tour de France,871
2021,23,Giro d'Italia,871
2020,24,Giro d'Italia,871
2020,DNF,Tour de France,871
2019,50,Tour de France,871
2018,100,Vuelta a España,871
2018,70,Tour de France,871
2017,60,Tour de France,871
2016,36,Vuelta a España,871
2015,24,Tour de France,871
2014,65,Vuelta a España,871
2014,57,Giro d'Italia,871
2013,97,Tour de France,871
2012,148,Vuelta a España,871
2017,72,Vuelta a España,749
2017,147,Giro d'Italia,749
2016,59,Vuelta a España,749
2016,67,Tour de France,749
2015,31,Vuelta a España,749
2015,58,Tour de France,749
2014,42,Vuelta a España,749
2014,36,Giro d'Italia,749
2013,DNF,Vuelta a España,749
2013,109,Tour de France,749
2012,37,Vuelta a España,749
2012,54,Giro d'Italia,749
2011,46,Vuelta a España,749
2011,55,Giro d'Italia,749
2010,53,Giro d'Italia,749
2008,24,Vuelta a España,749
2007,60,Giro d'Italia,749
2015,131,Giro d'Italia,1861
2014,137,Giro d'Italia,1861
2013,111,Tour de France,1861
2013,114,Giro d'Italia,1861
2011,138,Vuelta a España,1861
2011,142,Giro d'Italia,1861
2010,107,Giro d'Italia,1861
2014,DNF,Tour de France,3928
2013,115,Tour de France,3928
2012,101,Vuelta a España,3928
2016,83,Vuelta a España,849
2015,146,Vuelta a España,849
2014,100,Tour de France,849
2013,119,Tour de France,849
2012,117,Vuelta a España,849
2012,84,Giro d'Italia,849
2024,122,Tour de France,1013
2023,145,Tour de France,1013
2022,124,Vuelta a España,1013
2022,104,Tour de France,1013
2020,DNF,Tour de France,1013
2019,124,Vuelta a España,1013
2018,111,Tour de France,1013
2017,DNF,Vuelta a España,1013
2017,121,Tour de France,1013
2016,148,Tour de France,1013
2015,90,Vuelta a España,1013
2015,109,Tour de France,1013
2014,116,Vuelta a España,1013
2014,123,Tour de France,1013
2013,121,Tour de France,1013
2013,DNF,Giro d'Italia,1013
2012,131,Vuelta a España,1013
2011,144,Vuelta a España,1013
2013,123,Tour de France,1012
2017,66,Vuelta a España,336
2016,60,Vuelta a España,336
2016,69,Giro d'Italia,336
2014,105,Tour de France,336
2013,127,Tour de France,336
2011,DNF,Vuelta a España,336
2010,42,Vuelta a España,336
2009,42,Vuelta a España,336
2009,DNF,Giro d'Italia,336
2008,48,Tour de France,336
2007,14,Vuelta a España,336
2006,DNF,Tour de France,336
2006,40,Giro d'Italia,336
2005,76,Vuelta a España,336
2005,DNF,Giro d'Italia,336
2003,47,Vuelta a España,336
2016,DNF,Vuelta a España,130
2016,152,Giro d'Italia,130
2015,156,Vuelta a España,130
2015,130,Giro d'Italia,130
2014,DNF,Vuelta a España,130
2014,135,Giro d'Italia,130
2013,133,Tour de France,130
2013,147,Giro d'Italia,130
2011,DNF,Vuelta a España,130
2011,DNF,Giro d'Italia,130
2010,112,Giro d'Italia,130
2008,73,Tour de France,130
2007,100,Tour de France,130
2020,137,Tour de France,2995
2016,DNF,Vuelta a España,2995
2015,113,Vuelta a España,2995
2015,103,Giro d'Italia,2995
2014,73,Tour de France,2995
2013,134,Tour de France,2995
2023,124,Vuelta a España,3187
2022,DNF,Vuelta a España,3187
2021,117,Tour de France,3187
2018,137,Giro d'Italia,3187
2016,DNF,Giro d'Italia,3187
2015,158,Vuelta a España,3187
2015,146,Giro d'Italia,3187
2014,131,Giro d'Italia,3187
2013,144,Tour de France,3187
2019,119,Giro d'Italia,368
2018,139,Vuelta a España,368
2017,166,Tour de France,368
2015,153,Tour de France,368
2014,133,Tour de France,368
2013,150,Tour de France,368
2012,DNF,Giro d'Italia,368
2009,129,Vuelta a España,368
2021,21,Giro d'Italia,1018
2020,32,Giro d'Italia,1018
2019,27,Tour de France,1018
2019,18,Giro d'Italia,1018
2018,16,Tour de France,1018
2018,DNF,Giro d'Italia,1018
2017,DNF,Giro d'Italia,1018
2016,26,Tour de France,1018
2016,23,Giro d'Italia,1018
2015,22,Tour de France,1018
2015,13,Giro d'Italia,1018
2014,DNF,Vuelta a España,1018
2014,20,Tour de France,1018
2013,11,Vuelta a España,1018
2013,14,Giro d'Italia,1018
2012,26,Giro d'Italia,1018
2011,64,Vuelta a España,1018
2016,21,Vuelta a España,894
2016,40,Giro d'Italia,894
2015,60,Tour de France,894
2014,32,Tour de France,894
2011,34,Giro d'Italia,894
2010,38,Giro d'Italia,894
2019,28,Vuelta a España,771
2017,31,Vuelta a España,771
2017,46,Giro d'Italia,771
2016,46,Tour de France,771
2014,35,Tour de France,771
2013,52,Giro d'Italia,771
2012,27,Giro d'Italia,771
2011,22,Giro d'Italia,771
2021,95,Giro d'Italia,486
2020,DNF,Giro d'Italia,486
2018,38,Giro d'Italia,486
2017,46,Vuelta a España,486
2017,DNF,Giro d'Italia,486
2016,13,Giro d'Italia,486
2015,19,Vuelta a España,486
2015,18,Giro d'Italia,486
2014,37,Tour de France,486
2013,35,Giro d'Italia,486
2012,DNF,Giro d'Italia,486
2011,49,Giro d'Italia,486
2009,76,Giro d'Italia,486
2008,42,Giro d'Italia,486
2007,77,Giro d'Italia,486
2024,15,Giro d'Italia,3991
2023,14,Tour de France,3991
2022,DNF,Tour de France,3991
2021,21,Vuelta a España,3991
2021,34,Tour de France,3991
2020,12,Giro d'Italia,3991
2019,6,Vuelta a España,3991
2019,6,Giro d'Italia,3991
2018,13,Vuelta a España,3991
2018,19,Tour de France,3991
2017,39,Vuelta a España,3991
2017,DNF,Tour de France,3991
2016,27,Tour de France,3991
2016,5,Giro d'Italia,3991
2015,3,Vuelta a España,3991
2015,28,Tour de France,3991
2014,44,Tour de France,3991
2014,6,Giro d'Italia,3991
2013,19,Vuelta a España,3991
2013,7,Giro d'Italia,3991
2012,32,Vuelta a España,3991
2011,DNF,Vuelta a España,3991
2018,59,Tour de France,1714
2017,77,Giro d'Italia,1714
2016,82,Tour de France,1714
2015,76,Giro d'Italia,1714
2014,56,Tour de France,1714
2012,30,Giro d'Italia,1714
2011,75,Vuelta a España,1714
2011,DNF,Giro d'Italia,1714
2014,62,Tour de France,3132
2019,53,Giro d'Italia,2145
2018,42,Giro d'Italia,2145
2017,51,Giro d'Italia,2145
2016,19,Giro d'Italia,2145
2015,41,Vuelta a España,2145
2015,54,Giro d'Italia,2145
2014,66,Tour de France,2145
2014,44,Giro d'Italia,2145
2013,DNF,Vuelta a España,2145
2012,72,Vuelta a España,2145
2012,81,Giro d'Italia,2145
2011,76,Vuelta a España,2145
2011,77,Giro d'Italia,2145
2009,143,Giro d'Italia,2145
2017,127,Giro d'Italia,990
2016,88,Tour de France,990
2015,25,Tour de France,990
2014,71,Tour de France,990
2013,96,Vuelta a España,990
2012,65,Giro d'Italia,990
2018,79,Vuelta a España,708
2017,74,Tour de France,708
2016,85,Vuelta a España,708
2015,36,Vuelta a España,708
2015,72,Tour de France,708
2014,72,Tour de France,708
2013,36,Giro d'Italia,708
2012,40,Vuelta a España,708
2011,32,Vuelta a España,708
2011,20,Giro d'Italia,708
2024,73,Vuelta a España,1008
2024,51,Tour de France,1008
2023,53,Vuelta a España,1008
2023,53,Tour de France,1008
2022,37,Vuelta a España,1008
2022,51,Tour de France,1008
2021,72,Vuelta a España,1008
2021,27,Giro d'Italia,1008
2020,39,Vuelta a España,1008
2020,55,Tour de France,1008
2019,46,Vuelta a España,1008
2019,79,Tour de France,1008
2018,71,Vuelta a España,1008
2017,47,Vuelta a España,1008
2016,80,Tour de France,1008
2015,21,Vuelta a España,1008
2015,47,Tour de France,1008
2014,87,Tour de France,1008
2013,81,Giro d'Italia,1008
2012,64,Giro d'Italia,1008
2011,118,Vuelta a España,1008
2019,123,Tour de France,1016
2018,99,Tour de France,1016
2017,103,Tour de France,1016
2016,105,Tour de France,1016
2015,88,Tour de France,1016
2014,103,Tour de France,1016
2024,DNF,Vuelta a España,16752
2024,104,Tour de France,16752
2023,DNF,Vuelta a España,16752
2023,98,Tour de France,16752
2022,DNF,Vuelta a España,16752
2021,DNF,Tour de France,16752
2020,122,Tour de France,16752
2016,113,Tour de France,16752
2015,110,Tour de France,16752
2014,104,Tour de France,16752
2014,121,Tour de France,355
2013,82,Vuelta a España,355
2013,143,Giro d'Italia,355
2012,135,Giro d'Italia,355
2009,DNF,Vuelta a España,355
2024,123,Tour de France,2327
2023,130,Tour de France,2327
2022,112,Vuelta a España,2327
2022,DNF,Tour de France,2327
2021,100,Tour de France,2327
2019,109,Tour de France,2327
2019,78,Giro d'Italia,2327
2018,118,Tour de France,2327
2017,DNF,Tour de France,2327
2016,112,Tour de France,2327
2015,151,Tour de France,2327
2015,109,Giro d'Italia,2327
2014,122,Tour de France,2327
2014,DNF,Giro d'Italia,2327
2013,142,Giro d'Italia,2327
2018,83,Vuelta a España,992
2017,48,Giro d'Italia,992
2016,54,Vuelta a España,992
2015,140,Tour de France,992
2014,124,Tour de France,992
2013,22,Vuelta a España,992
2017,136,Giro d'Italia,7566
2016,131,Tour de France,7566
2015,129,Vuelta a España,7566
2014,127,Tour de France,7566
2013,93,Vuelta a España,7566
2022,113,Tour de France,5836
2021,113,Tour de France,5836
2020,93,Vuelta a España,5836
2018,DNF,Tour de France,5836
2017,115,Tour de France,5836
2016,119,Vuelta a España,5836
2015,131,Tour de France,5836
2014,130,Tour de France,5836
2013,146,Giro d'Italia,5836
2018,126,Giro d'Italia,2396
2015,DNF,Tour de France,2396
2014,151,Tour de France,2396
2013,133,Vuelta a España,2396
2024,DNF,Tour de France,2337
2022,130,Giro d'Italia,2337
2021,96,Vuelta a España,2337
2021,DNF,Tour de France,2337
2020,121,Giro d'Italia,2337
2019,123,Giro d'Italia,2337
2018,141,Tour de France,2337
2017,DNF,Tour de France,2337
2016,DNF,Giro d'Italia,2337
2015,138,Tour de France,2337
2014,159,Tour de France,2337
2012,DNF,Giro d'Italia,2337
2019,61,Vuelta a España,2280
2018,69,Tour de France,2280
2018,61,Giro d'Italia,2280
2017,20,Vuelta a España,2280
2017,41,Tour de France,2280
2016,32,Vuelta a España,2280
2016,9,Giro d'Italia,2280
2015,56,Vuelta a España,2280
2015,16,Giro d'Italia,2280
2014,DNF,Tour de France,2280
2013,18,Giro d'Italia,2280
2017,29,Vuelta a España,81
2017,23,Giro d'Italia,81
2016,18,Tour de France,81
2015,59,Tour de France,81
2015,DNF,Giro d'Italia,81
2014,69,Vuelta a España,81
2014,DNF,Tour de France,81
2013,DNF,Vuelta a España,81
2013,48,Giro d'Italia,81
2012,100,Vuelta a España,81
2012,71,Giro d'Italia,81
2011,108,Giro d'Italia,81
2009,117,Tour de France,81
2008,DNF,Vuelta a España,81
2008,87,Tour de France,81
2007,32,Vuelta a España,81
2007,DNF,Tour de France,81
2006,64,Giro d'Italia,81
2019,132,Vuelta a España,120
2018,125,Tour de France,120
2016,99,Giro d'Italia,120
2015,107,Giro d'Italia,120
2014,DNF,Tour de France,120
2011,103,Vuelta a España,120
2009,96,Tour de France,120
2008,DNF,Vuelta a España,120
2008,123,Tour de France,120
2007,128,Tour de France,120
2006,92,Vuelta a España,120
2005,54,Vuelta a España,120
2022,142,Giro d'Italia,624
2021,137,Giro d'Italia,624
2020,DNF,Giro d'Italia,624
2019,148,Vuelta a España,624
2019,149,Tour de France,624
2018,135,Tour de France,624
2017,148,Giro d'Italia,624
2016,144,Tour de France,624
2015,152,Vuelta a España,624
2015,127,Giro d'Italia,624
2014,138,Vuelta a España,624
2014,DNF,Tour de France,624
2013,141,Vuelta a España,624
2008,DNF,Giro d'Italia,624
2007,92,Giro d'Italia,624
2006,138,Giro d'Italia,624
2018,54,Giro d'Italia,1294
2017,33,Vuelta a España,1294
2017,46,Tour de France,1294
2016,19,Tour de France,1294
2015,19,Tour de France,1294
2014,32,Giro d'Italia,1294
2013,46,Giro d'Italia,1294
2024,37,Tour de France,6413
2023,26,Tour de France,6413
2023,39,Giro d'Italia,6413
2022,51,Vuelta a España,6413
2022,11,Tour de France,6413
2020,43,Tour de France,6413
2019,33,Giro d'Italia,6413
2018,11,Tour de France,6413
2017,42,Vuelta a España,6413
2017,8,Giro d'Italia,6413
2016,6,Giro d'Italia,6413
2015,27,Tour de France,6413
2014,DNF,Vuelta a España,6413
2024,DNF,Vuelta a España,1006
2024,17,Giro d'Italia,1006
2023,19,Vuelta a España,1006
2023,4,Giro d'Italia,1006
2022,DNF,Tour de France,1006
2021,17,Vuelta a España,1006
2021,2,Giro d'Italia,1006
2020,10,Tour de France,1006
2019,58,Tour de France,1006
2019,23,Giro d'Italia,1006
2018,20,Tour de France,1006
2017,109,Vuelta a España,1006
2017,11,Tour de France,1006
2016,22,Tour de France,1006
2015,53,Tour de France,1006
2015,8,Giro d'Italia,1006
2014,9,Vuelta a España,1006
2013,19,Giro d'Italia,1006
2012,24,Giro d'Italia,1006
2011,74,Vuelta a España,1006
2020,84,Giro d'Italia,912
2019,83,Giro d'Italia,912
2017,81,Tour de France,912
2016,44,Vuelta a España,912
2015,63,Tour de France,912
2014,36,Vuelta a España,912
2014,84,Giro d'Italia,912
2013,72,Vuelta a España,912
2013,84,Giro d'Italia,912
2012,82,Giro d'Italia,912
2011,126,Giro d'Italia,912
2010,97,Giro d'Italia,912
2023,132,Vuelta a España,1323
2022,DNF,Vuelta a España,1323
2021,57,Vuelta a España,1323
2020,26,Vuelta a España,1323
2019,75,Vuelta a España,1323
2018,57,Vuelta a España,1323
2017,61,Giro d'Italia,1323
2016,91,Vuelta a España,1323
2016,62,Giro d'Italia,1323
2015,65,Tour de France,1323
2014,32,Vuelta a España,1323
2014,23,Giro d'Italia,1323
2013,12,Vuelta a España,1323
2013,25,Giro d'Italia,1323
2012,44,Giro d'Italia,1323
2022,62,Tour de France,9154
2022,94,Giro d'Italia,9154
2021,92,Tour de France,9154
2020,97,Vuelta a España,9154
2020,86,Tour de France,9154
2019,57,Tour de France,9154
2017,42,Tour de France,9154
2016,93,Tour de France,9154
2015,81,Tour de France,9154
2022,79,Vuelta a España,18117
2022,61,Giro d'Italia,18117
2020,58,Vuelta a España,18117
2018,31,Vuelta a España,18117
2017,DNF,Vuelta a España,18117
2016,38,Vuelta a España,18117
2016,37,Giro d'Italia,18117
2015,84,Tour de France,18117
2014,92,Vuelta a España,18117
2018,DNF,Vuelta a España,6244
2018,29,Giro d'Italia,6244
2017,71,Giro d'Italia,6244
2016,56,Tour de France,6244
2016,26,Giro d'Italia,6244
2015,87,Tour de France,6244
2014,27,Giro d'Italia,6244
2013,36,Vuelta a España,6244
2017,89,Tour de France,6515
2016,DNF,Tour de France,6515
2015,91,Tour de France,6515
2014,123,Giro d'Italia,6515
2022,131,Tour de France,6559
2021,DNF,Vuelta a España,6559
2020,103,Vuelta a España,6559
2019,124,Tour de France,6559
2018,110,Tour de France,6559
2017,118,Tour de France,6559
2016,115,Tour de France,6559
2015,96,Tour de France,6559
2013,98,Vuelta a España,6559
2022,89,Giro d'Italia,729
2021,DNF,Giro d'Italia,729
2020,DNF,Giro d'Italia,729
2019,104,Giro d'Italia,729
2018,99,Giro d'Italia,729
2017,DNF,Tour de France,729
2017,117,Giro d'Italia,729
2016,DNF,Vuelta a España,729
2016,120,Giro d'Italia,729
2015,121,Tour de France,729
2014,107,Giro d'Italia,729
2011,159,Giro d'Italia,729
2010,116,Giro d'Italia,729
2009,166,Giro d'Italia,729
2024,85,Tour de France,6246
2023,78,Tour de France,6246
2022,86,Tour de France,6246
2021,127,Tour de France,6246
2020,143,Tour de France,6246
2019,148,Tour de France,6246
2019,116,Giro d'Italia,6246
2017,118,Vuelta a España,6246
2017,155,Tour de France,6246
2016,162,Tour de France,6246
2015,126,Tour de France,6246
2024,84,Tour de France,14737
2024,DNF,Giro d'Italia,14737
2023,80,Tour de France,14737
2022,74,Tour de France,14737
2021,91,Tour de France,14737
2020,107,Tour de France,14737
2019,DNF,Tour de France,14737
2018,124,Tour de France,14737
2017,133,Tour de France,14737
2016,157,Tour de France,14737
2015,127,Tour de France,14737
2022,106,Tour de France,12481
2021,118,Vuelta a España,12481
2019,DNF,Giro d'Italia,12481
2018,135,Giro d'Italia,12481
2017,161,Tour de France,12481
2016,DNF,Vuelta a España,12481
2015,135,Tour de France,12481
2015,141,Tour de France,20148
2022,147,Giro d'Italia,875
2021,130,Giro d'Italia,875
2020,126,Giro d'Italia,875
2018,158,Vuelta a España,875
2016,DNF,Giro d'Italia,875
2015,156,Tour de France,875
2012,111,Giro d'Italia,875
2011,155,Vuelta a España,875
2010,90,Giro d'Italia,875
2024,86,Vuelta a España,9451
2023,102,Vuelta a España,9451
2022,76,Giro d'Italia,9451
2021,47,Giro d'Italia,9451
2020,57,Giro d'Italia,9451
2018,96,Giro d'Italia,9451
2017,65,Tour de France,9451
2016,59,Tour de France,9451
2015,DNF,Tour de France,9451
2022,134,Giro d'Italia,1009
2021,DNF,Giro d'Italia,1009
2020,120,Giro d'Italia,1009
2019,151,Tour de France,1009
2018,120,Giro d'Italia,1009
2015,DNF,Tour de France,1009
2013,148,Giro d'Italia,1009
2023,DNF,Tour de France,4589
2023,DNF,Giro d'Italia,4589
2022,132,Giro d'Italia,4589
2021,127,Vuelta a España,4589
2020,DNF,Giro d'Italia,4589
2019,133,Giro d'Italia,4589
2018,134,Tour de France,4589
2017,148,Tour de France,4589
2016,143,Tour de France,4589
2015,DNF,Tour de France,4589
2014,136,Vuelta a España,4589
2013,DNF,Vuelta a España,4589
2024,38,Giro d'Italia,6309
2021,53,Tour de France,6309
2020,33,Vuelta a España,6309
2020,73,Tour de France,6309
2019,75,Tour de France,6309
2018,44,Tour de France,6309
2017,61,Tour de France,6309
2016,77,Tour de France,6309
2015,DNF,Tour de France,6309
2014,128,Vuelta a España,6309
2020,22,Giro d'Italia,9128
2020,DNF,Tour de France,9128
2019,51,Tour de France,9128
2019,10,Giro d'Italia,9128
2018,20,Vuelta a España,9128
2018,9,Tour de France,9128
2017,3,Vuelta a España,9128
2017,5,Giro d'Italia,9128
2016,25,Tour de France,9128
2016,DNF,Giro d'Italia,9128
2015,44,Giro d'Italia,9128
2024,48,Giro d'Italia,12474
2023,33,Tour de France,12474
2022,DNF,Vuelta a España,12474
2021,30,Tour de France,12474
2020,36,Tour de France,12474
2019,5,Tour de France,12474
2018,33,Tour de France,12474
2017,68,Vuelta a España,12474
2016,41,Tour de France,12474
2020,54,Vuelta a España,6255
2019,62,Vuelta a España,6255
2018,DNF,Tour de France,6255
2017,73,Tour de France,6255
2016,62,Vuelta a España,6255
2016,92,Tour de France,6255
2015,125,Vuelta a España,6255
2015,91,Giro d'Italia,6255
2021,131,Vuelta a España,4001
2021,122,Giro d'Italia,4001
2018,136,Vuelta a España,4001
2018,114,Giro d'Italia,4001
2017,110,Vuelta a España,4001
2016,94,Tour de France,4001
2015,99,Vuelta a España,4001
2015,95,Giro d'Italia,4001
2012,143,Vuelta a España,4001
2024,61,Tour de France,5059
2024,92,Giro d'Italia,5059
2023,79,Tour de France,5059
2022,80,Tour de France,5059
2021,39,Tour de France,5059
2020,71,Tour de France,5059
2019,43,Tour de France,5059
2018,63,Tour de France,5059
2017,98,Giro d'Italia,5059
2016,99,Tour de France,5059
2015,DNF,Vuelta a España,5059
2014,88,Vuelta a España,5059
2022,61,Tour de France,6260
2021,115,Giro d'Italia,6260
2018,127,Vuelta a España,6260
2016,107,Tour de France,6260
2015,138,Vuelta a España,6260
2018,137,Tour de France,22133
2017,DNF,Tour de France,22133
2016,111,Tour de France,22133
2015,95,Vuelta a España,22133
2021,118,Tour de France,6266
2016,118,Tour de France,6266
2015,116,Giro d'Italia,6266
2024,97,Tour de France,1715
2023,117,Tour de France,1715
2022,127,Tour de France,1715
2022,93,Giro d'Italia,1715
2021,114,Tour de France,1715
2021,97,Giro d'Italia,1715
2020,99,Tour de France,1715
2019,112,Tour de France,1715
2019,70,Giro d'Italia,1715
2018,74,Giro d'Italia,1715
2017,107,Vuelta a España,1715
2017,109,Giro d'Italia,1715
2016,119,Tour de France,1715
2015,135,Giro d'Italia,1715
2014,100,Giro d'Italia,1715
2023,84,Tour de France,3355
2022,55,Vuelta a España,3355
2022,107,Giro d'Italia,3355
2021,69,Vuelta a España,3355
2020,DNF,Giro d'Italia,3355
2019,59,Vuelta a España,3355
2018,145,Tour de France,3355
2016,124,Tour de France,3355
2015,42,Vuelta a España,3355
2014,DNF,Vuelta a España,3355
2023,102,Giro d'Italia,3224
2022,120,Giro d'Italia,3224
2021,107,Vuelta a España,3224
2021,103,Giro d'Italia,3224
2020,94,Giro d'Italia,3224
2019,74,Giro d'Italia,3224
2018,108,Giro d'Italia,3224
2017,DNF,Vuelta a España,3224
2017,115,Giro d'Italia,3224
2016,93,Vuelta a España,3224
2016,128,Tour de France,3224
2012,107,Giro d'Italia,3224
2021,121,Giro d'Italia,1298
2020,122,Giro d'Italia,1298
2017,144,Giro d'Italia,1298
2016,139,Tour de France,1298
2015,148,Vuelta a España,1298
2015,145,Giro d'Italia,1298
2014,139,Giro d'Italia,1298
2013,159,Giro d'Italia,1298
2016,156,Tour de France,1973
2015,DNF,Giro d'Italia,1973
2014,DNF,Vuelta a España,1973
2014,116,Giro d'Italia,1973
2013,98,Giro d'Italia,1973
2012,113,Giro d'Italia,1973
2011,105,Giro d'Italia,1973
2009,149,Giro d'Italia,1973
2008,127,Vuelta a España,1973
2008,DNF,Giro d'Italia,1973
2007,141,Giro d'Italia,1973
2024,135,Tour de France,7720
2023,137,Tour de France,7720
2022,116,Tour de France,7720
2021,DNF,Giro d'Italia,7720
2019,145,Tour de France,7720
2018,DNF,Tour de France,7720
2017,156,Tour de France,7720
2016,160,Tour de France,7720
2016,167,Tour de France,774
2014,129,Vuelta a España,774
2024,136,Tour de France,16154
2022,120,Vuelta a España,16154
2021,DNF,Tour de France,16154
2017,DNF,Tour de France,16154
2016,170,Tour de France,16154
2024,113,Giro d'Italia,10382
2023,128,Vuelta a España,10382
2022,131,Giro d'Italia,10382
2021,104,Tour de France,10382
2020,119,Tour de France,10382
2019,133,Vuelta a España,10382
2018,88,Tour de France,10382
2017,91,Vuelta a España,10382
2016,DNF,Tour de France,10382
2018,15,Giro d'Italia,1001
2017,DNF,Vuelta a España,1001
2017,18,Tour de France,1001
2016,DNF,Giro d'Italia,1001
2015,20,Giro d'Italia,1001
2014,158,Vuelta a España,1001
2013,126,Vuelta a España,1001
2013,5,Giro d'Italia,1001
2011,59,Giro d'Italia,1001
2023,DNF,Vuelta a España,15752
2023,75,Tour de France,15752
2022,56,Tour de France,15752
2021,47,Tour de France,15752
2020,DNF,Tour de France,15752
2019,35,Vuelta a España,15752
2018,13,Tour de France,15752
2017,29,Tour de France,15752
2016,28,Vuelta a España,15752
2019,67,Giro d'Italia,3354
2018,52,Giro d'Italia,3354
2017,43,Tour de France,3354
2016,48,Giro d'Italia,3354
2015,67,Giro d'Italia,3354
2014,85,Vuelta a España,3354
2021,22,Vuelta a España,2741
2021,DNF,Giro d'Italia,2741
2020,DNF,Giro d'Italia,2741
2019,42,Vuelta a España,2741
2019,49,Giro d'Italia,2741
2018,16,Vuelta a España,2741
2018,18,Giro d'Italia,2741
2017,53,Tour de France,2741
2016,23,Vuelta a España,2741
2016,22,Giro d'Italia,2741
2015,13,Vuelta a España,2741
2014,DNF,Vuelta a España,2741
2014,29,Giro d'Italia,2741
2013,105,Giro d'Italia,2741
2012,13,Giro d'Italia,2741
2011,95,Giro d'Italia,2741
2020,DNF,Vuelta a España,10946
2018,DNF,Tour de France,10946
2017,DNF,Vuelta a España,10946
2017,68,Tour de France,10946
2016,48,Vuelta a España,10946
2016,50,Giro d'Italia,10946
2015,75,Giro d'Italia,10946
2014,58,Giro d'Italia,10946
2024,DNF,Tour de France,20584
2023,83,Tour de France,20584
2023,48,Giro d'Italia,20584
2022,40,Tour de France,20584
2021,30,Giro d'Italia,20584
2020,62,Tour de France,20584
2019,69,Tour de France,20584
2017,90,Tour de France,20584
2016,86,Giro d'Italia,20584
2020,DNF,Vuelta a España,4778
2019,62,Giro d'Italia,4778
2018,91,Vuelta a España,4778
2017,94,Tour de France,4778
2016,88,Giro d'Italia,4778
2015,66,Vuelta a España,4778
2014,91,Giro d'Italia,4778
2024,75,Tour de France,18260
2023,62,Tour de France,18260
2022,55,Tour de France,18260
2021,50,Tour de France,18260
2020,120,Tour de France,18260
2019,64,Tour de France,18260
2018,87,Tour de France,18260
2017,95,Tour de France,18260
2021,134,Vuelta a España,3299
2017,107,Tour de France,3299
2016,116,Vuelta a España,3299
2022,75,Vuelta a España,3287
2021,48,Giro d'Italia,3287
2019,DNF,Vuelta a España,3287
2019,DNF,Tour de France,3287
2018,DNF,Tour de France,3287
2017,114,Tour de France,3287
2016,DNF,Vuelta a España,3287
2017,DNF,Vuelta a España,2118
2017,119,Tour de France,2118
2017,DNF,Giro d'Italia,2118
2016,DNF,Giro d'Italia,2118
2015,80,Vuelta a España,2118
2014,90,Vuelta a España,2118
2013,76,Vuelta a España,2118
2012,66,Vuelta a España,2118
2010,52,Vuelta a España,2118
2008,21,Vuelta a España,2118
2021,52,Tour de France,2338
2020,93,Tour de France,2338
2019,85,Tour de France,2338
2018,109,Tour de France,2338
2017,122,Tour de France,2338
2016,95,Giro d'Italia,2338
2015,100,Giro d'Italia,2338
2014,94,Giro d'Italia,2338
2013,89,Giro d'Italia,2338
2012,100,Giro d'Italia,2338
2024,75,Giro d'Italia,407
2023,102,Tour de France,407
2022,DNF,Tour de France,407
2021,112,Tour de France,407
2020,82,Tour de France,407
2019,107,Tour de France,407
2018,107,Vuelta a España,407
2018,102,Giro d'Italia,407
2017,127,Tour de France,407
2016,81,Vuelta a España,407
2016,83,Giro d'Italia,407
2019,120,Tour de France,10950
2017,132,Tour de France,10950
2022,137,Giro d'Italia,7731
2021,134,Tour de France,7731
2020,123,Giro d'Italia,7731
2019,DNF,Tour de France,7731
2018,DNF,Tour de France,7731
2017,145,Tour de France,7731
2016,140,Giro d'Italia,7731
2015,142,Giro d'Italia,7731
2022,117,Vuelta a España,532
2022,73,Giro d'Italia,532
2021,54,Giro d'Italia,532
2020,66,Giro d'Italia,532
2020,80,Tour de France,532
2019,68,Vuelta a España,532
2019,48,Giro d'Italia,532
2018,64,Vuelta a España,532
2017,DNF,Tour de France,532
2017,14,Giro d'Italia,532
2016,51,Vuelta a España,532
2015,57,Vuelta a España,532
2015,25,Giro d'Italia,532
2014,DNF,Vuelta a España,532
2014,26,Giro d'Italia,532
2013,74,Vuelta a España,532
2013,57,Giro d'Italia,532
2012,51,Vuelta a España,532
2012,12,Giro d'Italia,532
2011,132,Vuelta a España,532
2011,13,Giro d'Italia,532
2010,71,Vuelta a España,532
2010,DNF,Giro d'Italia,532
2009,59,Giro d'Italia,532
2008,DNF,Giro d'Italia,532
2023,76,Vuelta a España,1580
2022,DNF,Tour de France,1580
2022,41,Giro d'Italia,1580
2021,DNF,Giro d'Italia,1580
2020,25,Giro d'Italia,1580
2019,65,Tour de France,1580
2018,61,Vuelta a España,1580
2017,DNF,Tour de France,1580
2016,25,Vuelta a España,1580
2015,32,Giro d'Italia,1580
2014,105,Vuelta a España,1580
2014,96,Giro d'Italia,1580
2013,43,Giro d'Italia,1580
2012,50,Giro d'Italia,1580
2010,DNF,Tour de France,1580
2024,29,Tour de France,58275
2023,55,Vuelta a España,58275
2023,36,Tour de France,58275
2021,6,Vuelta a España,58275
2021,1,Giro d'Italia,58275
2020,DNF,Tour de France,58275
2019,1,Tour de France,58275
2018,15,Tour de France,58275
2024,6,Vuelta a España,37378
2024,65,Tour de France,37378
2023,9,Tour de France,37378
2022,4,Tour de France,37378
2021,11,Tour de France,37378
2020,8,Vuelta a España,37378
2020,DNF,Tour de France,37378
2019,13,Tour de France,37378
2018,34,Tour de France,37378
2024,22,Tour de France,17182
2023,68,Vuelta a España,17182
2022,88,Vuelta a España,17182
2021,37,Tour de France,17182
2020,49,Giro d'Italia,17182
2019,30,Tour de France,17182
2018,35,Tour de France,17182
2017,85,Vuelta a España,17182
2017,42,Giro d'Italia,17182
2016,57,Vuelta a España,17182
2020,DNF,Giro d'Italia,22143
2019,65,Giro d'Italia,22143
2018,37,Tour de France,22143
2017,28,Vuelta a España,22143
2018,50,Vuelta a España,134
2018,60,Tour de France,134
2017,25,Vuelta a España,134
2017,21,Giro d'Italia,134
2015,24,Giro d'Italia,134
2014,12,Giro d'Italia,134
2013,11,Giro d'Italia,134
2009,36,Tour de France,134
2009,3,Giro d'Italia,134
2008,4,Giro d'Italia,134
2007,37,Vuelta a España,134
2007,9,Giro d'Italia,134
2006,8,Giro d'Italia,134
2005,47,Tour de France,134
2004,11,Giro d'Italia,134
2003,75,Tour de France,134
2003,9,Giro d'Italia,134
2002,16,Giro d'Italia,134
2001,20,Vuelta a España,134
2020,DNF,Giro d'Italia,2320
2019,98,Vuelta a España,2320
2018,53,Vuelta a España,2320
2018,61,Tour de France,2320
2017,DNF,Giro d'Italia,2320
2016,39,Vuelta a España,2320
2016,32,Giro d'Italia,2320
2015,76,Vuelta a España,2320
2015,37,Giro d'Italia,2320
2024,41,Vuelta a España,25726
2024,44,Tour de France,25726
2023,14,Vuelta a España,25726
2023,56,Tour de France,25726
2022,27,Vuelta a España,25726
2022,DNF,Tour de France,25726
2021,DNF,Tour de France,25726
2021,DNF,Giro d'Italia,25726
2020,18,Vuelta a España,25726
2020,21,Tour de France,25726
2019,9,Vuelta a España,25726
2019,37,Tour de France,25726
2018,62,Tour de France,25726
2017,48,Vuelta a España,25726
2021,113,Vuelta a España,9322
2020,69,Giro d'Italia,9322
2019,134,Tour de France,9322
2019,105,Giro d'Italia,9322
2018,72,Tour de France,9322
2018,71,Giro d'Italia,9322
2017,98,Vuelta a España,9322
2017,82,Giro d'Italia,9322
2016,76,Vuelta a España,9322
2016,78,Giro d'Italia,9322
2015,99,Giro d'Italia,9322
2014,73,Vuelta a España,9322
2024,126,Tour de France,3303
2023,129,Tour de France,3303
2022,59,Tour de France,3303
2021,59,Tour de France,3303
2019,72,Vuelta a España,3303
2018,83,Tour de France,3303
2017,67,Giro d'Italia,3303
2016,79,Vuelta a España,3303
2016,DNF,Giro d'Italia,3303
2015,52,Giro d'Italia,3303
2021,DNF,Giro d'Italia,2281
2020,108,Vuelta a España,2281
2019,74,Vuelta a España,2281
2018,103,Tour de France,2281
2017,55,Vuelta a España,2281
2017,47,Giro d'Italia,2281
2013,DNF,Vuelta a España,2281
2012,13,Vuelta a España,2281
2012,DNF,Giro d'Italia,2281
2020,129,Vuelta a España,1206
2018,106,Tour de France,1206
2017,108,Giro d'Italia,1206
2016,130,Vuelta a España,1206
2016,80,Giro d'Italia,1206
2015,139,Vuelta a España,1206
2013,97,Giro d'Italia,1206
2005,108,Giro d'Italia,1206
2024,115,Giro d'Italia,2978
2023,DNF,Vuelta a España,2978
2023,77,Giro d'Italia,2978
2022,118,Vuelta a España,2978
2022,112,Giro d'Italia,2978
2021,120,Giro d'Italia,2978
2020,DNF,Giro d'Italia,2978
2019,146,Tour de France,2978
2018,117,Tour de France,2978
2017,122,Giro d'Italia,2978
2016,150,Giro d'Italia,2978
2015,160,Giro d'Italia,2978
2014,154,Giro d'Italia,2978
2023,136,Tour de France,9042
2021,DNF,Tour de France,9042
2021,DNF,Giro d'Italia,9042
2020,142,Tour de France,9042
2019,118,Tour de France,9042
2019,DNF,Giro d'Italia,9042
2018,142,Tour de France,9042
2017,DNF,Giro d'Italia,9042
2015,126,Vuelta a España,9042
2024,DNF,Tour de France,1970
2023,118,Tour de France,1970
2021,141,Tour de France,1970
2020,127,Tour de France,1970
2019,78,Vuelta a España,1970
2018,DNF,Tour de France,1970
2017,129,Vuelta a España,1970
2024,3,Vuelta a España,1527
2024,19,Tour de France,1527
2023,6,Vuelta a España,1527
2023,DNF,Tour de France,1527
2022,2,Vuelta a España,1527
2022,DNF,Tour de France,1527
2021,2,Vuelta a España,1527
2021,6,Tour de France,1527
2020,5,Vuelta a España,1527
2020,5,Tour de France,1527
2019,22,Tour de France,1527
2018,2,Vuelta a España,1527
2017,71,Vuelta a España,1527
2024,DNF,Vuelta a España,27333
2024,15,Tour de France,27333
2023,DNF,Vuelta a España,27333
2023,10,Giro d'Italia,27333
2019,23,Tour de France,27333
2019,DNF,Giro d'Italia,27333
2018,DNF,Vuelta a España,27333
2017,24,Giro d'Italia,27333
2024,22,Vuelta a España,19784
2024,31,Tour de France,19784
2023,28,Tour de France,19784
2023,19,Giro d'Italia,19784
2022,DNF,Tour de France,19784
2021,3,Vuelta a España,19784
2021,DNF,Tour de France,19784
2020,DNF,Giro d'Italia,19784
2019,38,Tour de France,19784
2018,19,Vuelta a España,19784
2018,36,Giro d'Italia,19784
2017,21,Vuelta a España,19784
2016,117,Vuelta a España,19784
2024,74,Vuelta a España,8068
2023,35,Tour de France,8068
2022,18,Tour de France,8068
2021,17,Tour de France,8068
2019,12,Vuelta a España,8068
2019,44,Tour de France,8068
2018,33,Vuelta a España,8068
2017,75,Giro d'Italia,8068
2016,100,Vuelta a España,8068
2024,DNF,Tour de France,4863
2023,6,Tour de France,4863
2022,5,Giro d'Italia,4863
2021,9,Tour de France,4863
2021,13,Giro d'Italia,4863
2020,5,Giro d'Italia,4863
2020,16,Tour de France,4863
2019,54,Tour de France,4863
2019,31,Giro d'Italia,4863
2018,27,Vuelta a España,4863
2018,6,Giro d'Italia,4863
2017,23,Vuelta a España,4863
2017,66,Giro d'Italia,4863
2016,78,Vuelta a España,4863
2015,97,Vuelta a España,4863
2014,60,Vuelta a España,4863
2023,26,Vuelta a España,32592
2020,79,Vuelta a España,32592
2019,95,Tour de France,32592
2024,32,Vuelta a España,7781
2024,24,Tour de France,7781
2023,49,Giro d'Italia,7781
2022,35,Vuelta a España,7781
2022,26,Tour de France,7781
2021,DNF,Vuelta a España,7781
2021,101,Tour de France,7781
2020,30,Vuelta a España,7781
2020,19,Tour de France,7781
2019,105,Tour de France,7781
2017,73,Vuelta a España,7781
2017,57,Giro d'Italia,7781
2016,43,Giro d'Italia,7781
2015,29,Vuelta a España,7781
2014,66,Vuelta a España,7781
2024,117,Vuelta a España,4953
2023,DNF,Giro d'Italia,4953
2022,92,Tour de France,4953
2019,110,Tour de France,4953
2018,113,Vuelta a España,4953
2017,DNF,Vuelta a España,4953
2016,141,Vuelta a España,4953
2024,34,Tour de France,17252
2021,11,Vuelta a España,17252
2019,111,Tour de France,17252
2017,DNF,Vuelta a España,17252
2016,77,Vuelta a España,17252
2023,72,Vuelta a España,11828
2021,94,Tour de France,11828
2019,114,Tour de France,11828
2018,99,Vuelta a España,11828
2017,100,Vuelta a España,11828
2024,120,Vuelta a España,27121
2023,87,Tour de France,27121
2022,DNF,Tour de France,27121
2021,64,Tour de France,27121
2020,114,Tour de France,27121
2019,122,Tour de France,27121
2018,134,Vuelta a España,27121
2019,128,Tour de France,6536
2018,DNF,Vuelta a España,6536
2018,14,Giro d'Italia,6536
2017,DNF,Vuelta a España,6536
2017,60,Giro d'Italia,6536
2016,DNF,Vuelta a España,6536
2015,34,Vuelta a España,6536
2022,105,Giro d'Italia,16581
2019,136,Tour de France,16581
2023,DNF,Giro d'Italia,16823
2020,141,Tour de France,16823
2019,137,Tour de France,16823
2018,113,Giro d'Italia,16823
2016,DNF,Vuelta a España,16823
2024,25,Tour de France,37379
2023,20,Tour de France,37379
2022,10,Tour de France,37379
2021,42,Tour de France,37379
2020,27,Tour de France,37379
2019,13,Giro d'Italia,37379
2024,40,Vuelta a España,64106
2024,74,Tour de France,64106
2023,34,Tour de France,64106
2022,65,Vuelta a España,64106
2022,56,Giro d'Italia,64106
2021,36,Giro d'Italia,64106
2020,45,Tour de France,64106
2020,59,Vuelta a España,16795
2020,51,Tour de France,16795
2019,37,Vuelta a España,16795
2018,93,Giro d'Italia,16795
2024,21,Vuelta a España,17203
2024,46,Tour de France,17203
2023,63,Tour de France,17203
2022,DNF,Vuelta a España,17203
2021,35,Tour de France,17203
2020,53,Tour de France,17203
2024,31,Giro d'Italia,9302
2023,23,Tour de France,9302
2022,52,Tour de France,9302
2021,10,Vuelta a España,9302
2021,42,Giro d'Italia,9302
2020,9,Vuelta a España,9302
2020,63,Tour de France,9302
2019,36,Vuelta a España,9302
2018,27,Giro d'Italia,9302
2017,78,Giro d'Italia,9302
2024,66,Tour de France,16660
2023,50,Tour de France,16660
2022,78,Tour de France,16660
2021,DNF,Giro d'Italia,16660
2020,85,Tour de France,16660
2019,100,Giro d'Italia,16660
2018,73,Giro d'Italia,16660
2024,116,Tour de France,9234
2024,DNF,Giro d'Italia,9234
2023,112,Tour de France,9234
2022,100,Tour de France,9234
2021,109,Vuelta a España,9234
2021,102,Tour de France,9234
2020,88,Tour de France,9234
2019,DNF,Vuelta a España,9234
2018,141,Vuelta a España,9234
2017,107,Giro d'Italia,9234
2016,DNF,Giro d'Italia,9234
2015,108,Vuelta a España,9234
2015,138,Giro d'Italia,9234
2014,136,Giro d'Italia,9234
2013,123,Giro d'Italia,9234
2022,106,Vuelta a España,38146
2021,128,Tour de France,38146
2020,103,Tour de France,38146
2024,83,Giro d'Italia,49662
2022,69,Tour de France,49662
2021,89,Tour de France,49662
2020,106,Tour de France,49662
2024,DNF,Tour de France,16793
2023,105,Tour de France,16793
2023,DNF,Giro d'Italia,16793
2022,102,Vuelta a España,16793
2022,98,Tour de France,16793
2021,137,Tour de France,16793
2020,124,Tour de France,16793
2018,140,Giro d'Italia,16793
2017,138,Giro d'Italia,16793
2024,63,Tour de France,45754
2023,31,Tour de France,45754
2022,67,Tour de France,45754
2020,131,Tour de France,45754
2024,102,Tour de France,46959
2023,DNF,Giro d'Italia,46959
2022,116,Vuelta a España,46959
2021,DNF,Tour de France,46959
2020,133,Tour de France,46959
2024,127,Giro d'Italia,9210
2022,DNF,Tour de France,9210
2021,121,Tour de France,9210
2021,124,Giro d'Italia,9210
2020,134,Tour de France,9210
2019,137,Vuelta a España,9210
2018,156,Vuelta a España,9210
2024,16,Tour de France,27332
2023,11,Vuelta a España,27332
2023,DNF,Tour de France,27332
2022,DNF,Vuelta a España,27332
2021,20,Vuelta a España,27332
2020,DNF,Tour de France,27332
2019,76,Vuelta a España,27332
2024,72,Tour de France,11011
2023,30,Giro d'Italia,11011
2022,36,Giro d'Italia,11011
2021,44,Tour de France,11011
2021,15,Giro d'Italia,11011
2020,DNF,Vuelta a España,11011
2020,DNF,Tour de France,11011
2019,DNF,Vuelta a España,11011
2019,15,Giro d'Italia,11011
2018,22,Vuelta a España,11011
2018,10,Giro d'Italia,11011
2017,10,Giro d'Italia,11011
2016,9,Vuelta a España,11011
2016,31,Giro d'Italia,11011
2015,31,Giro d'Italia,11011
2024,23,Vuelta a España,6227
2023,34,Vuelta a España,6227
2023,DNF,Giro d'Italia,6227
2022,95,Tour de France,6227
2021,12,Tour de France,6227
2020,17,Vuelta a España,6227
2019,28,Giro d'Italia,6227
2018,33,Giro d'Italia,6227
2016,102,Vuelta a España,6227
2015,DNF,Vuelta a España,6227
2014,64,Giro d'Italia,6227
2013,DNF,Giro d'Italia,6227
2024,26,Giro d'Italia,27301
2023,55,Tour de France,27301
2023,15,Giro d'Italia,27301
2022,DNF,Tour de France,27301
2021,15,Tour de France,27301
2020,16,Giro d'Italia,27301
2023,DNF,Vuelta a España,16992
2023,DNF,Tour de France,16992
2022,DNF,Tour de France,16992
2021,18,Tour de France,16992
2021,DNF,Giro d'Italia,16992
2020,33,Giro d'Italia,16992
2019,17,Vuelta a España,16992
2022,65,Tour de France,27297
2021,22,Tour de France,27297
2022,93,Tour de France,46161
2021,55,Tour de France,46161
2024,DNF,Vuelta a España,27275
2023,46,Giro d'Italia,27275
2022,32,Giro d'Italia,27275
2021,63,Tour de France,27275
2020,93,Giro d'Italia,27275
2019,85,Giro d'Italia,27275
2017,151,Giro d'Italia,27275
2024,54,Vuelta a España,48539
2023,29,Giro d'Italia,48539
2022,70,Vuelta a España,48539
2022,19,Tour de France,48539
2021,69,Tour de France,48539
2020,15,Giro d'Italia,48539
2021,72,Tour de France,5395
2020,34,Giro d'Italia,5395
2019,DNF,Vuelta a España,5395
2019,21,Giro d'Italia,5395
2018,39,Giro d'Italia,5395
2017,56,Giro d'Italia,5395
2024,71,Tour de France,27307
2023,52,Tour de France,27307
2021,DNF,Vuelta a España,27307
2021,74,Tour de France,27307
2020,75,Vuelta a España,27307
2019,94,Vuelta a España,27307
2018,108,Vuelta a España,27307
2024,77,Tour de France,38803
2023,47,Tour de France,38803
2022,43,Tour de France,38803
2021,80,Tour de France,38803
2020,21,Vuelta a España,38803
2024,DNF,Tour de France,63055
2023,92,Tour de France,63055
2022,67,Vuelta a España,63055
2022,54,Tour de France,63055
2021,96,Tour de France,63055
2020,91,Vuelta a España,63055
2024,DNF,Tour de France,1937
2023,126,Tour de France,1937
2022,DNF,Tour de France,1937
2021,105,Tour de France,1937
2019,125,Giro d'Italia,1937
2018,117,Giro d'Italia,1937
2014,149,Vuelta a España,1937
2013,DNF,Vuelta a España,1937
2024,108,Giro d'Italia,66265
2023,123,Tour de France,66265
2022,123,Tour de France,66265
2021,110,Tour de France,66265
2020,97,Giro d'Italia,66265
2024,134,Vuelta a España,45602
2021,119,Tour de France,45602
2020,69,Vuelta a España,45602
2024,DNF,Tour de France,45368
2023,138,Tour de France,45368
2022,118,Tour de France,45368
2021,126,Tour de France,45368
2021,131,Tour de France,1276
2019,144,Vuelta a España,1276
2018,143,Vuelta a España,1276
2017,151,Vuelta a España,1276
2016,92,Vuelta a España,1276
2021,132,Tour de France,17183
2024,96,Tour de France,16672
2023,57,Tour de France,16672
2022,DNF,Tour de France,16672
2022,57,Giro d'Italia,16672
2021,DNF,Tour de France,16672
2024,8,Tour de France,68206
2023,DNF,Tour de France,68206
2022,20,Tour de France,68206
2021,98,Giro d'Italia,68206
2023,8,Giro d'Italia,66973
2022,27,Tour de France,66973
2024,10,Giro d'Italia,37447
2023,45,Vuelta a España,37447
2022,34,Tour de France,37447
2021,40,Vuelta a España,37447
2021,31,Giro d'Italia,37447
2020,40,Vuelta a España,37447
2019,99,Vuelta a España,37447
2018,117,Vuelta a España,37447
2024,89,Vuelta a España,7771
2023,75,Vuelta a España,7771
2022,90,Vuelta a España,7771
2022,41,Tour de France,7771
2019,73,Giro d'Italia,7771
2017,88,Giro d'Italia,7771
2015,118,Giro d'Italia,7771
2024,DNF,Vuelta a España,37325
2024,58,Tour de France,37325
2023,41,Tour de France,37325
2022,47,Tour de France,37325
2021,85,Vuelta a España,37325
2024,DNF,Giro d'Italia,43007
2022,53,Tour de France,43007
2020,DNF,Giro d'Italia,43007
2019,DNF,Vuelta a España,43007
2018,121,Vuelta a España,43007
2024,63,Vuelta a España,7729
2023,DNF,Giro d'Italia,7729
2022,63,Tour de France,7729
2022,43,Giro d'Italia,7729
2021,34,Vuelta a España,7729
2020,26,Giro d'Italia,7729
2019,26,Vuelta a España,7729
2018,80,Vuelta a España,7729
2024,DNF,Tour de France,19254
2022,84,Tour de France,19254
2024,65,Giro d'Italia,65240
2023,DNF,Vuelta a España,65240
2022,97,Tour de France,65240
2021,90,Vuelta a España,65240
2020,DNF,Vuelta a España,65240
2023,120,Tour de France,69912
2022,107,Tour de France,69912
2021,121,Vuelta a España,69912
2022,124,Tour de France,10802
2021,107,Giro d'Italia,10802
2022,125,Tour de France,32609
2024,18,Tour de France,37446
2023,7,Tour de France,37446
2022,10,Vuelta a España,37446
2022,1,Giro d'Italia,37446
2021,DNF,Giro d'Italia,37446
2020,2,Giro d'Italia,37446
2019,35,Giro d'Italia,37446
2018,32,Vuelta a España,37446
2024,20,Vuelta a España,57961
2023,25,Tour de France,57961
2024,47,Vuelta a España,38923
2023,69,Tour de France,38923
2022,60,Vuelta a España,38923
2021,90,Giro d'Italia,38923
2020,116,Giro d'Italia,38923
2023,70,Tour de France,47122
2023,DNF,Giro d'Italia,47122
2021,64,Giro d'Italia,47122
2024,55,Tour de France,27229
2023,85,Tour de France,27229
2024,DNF,Vuelta a España,82572
2023,90,Tour de France,82572
2023,144,Tour de France,44003
2024,115,Tour de France,71217
2023,DNF,Tour de France,71217
2022,72,Vuelta a España,71217
2024,3,Tour de France,84019
2023,12,Vuelta a España,84019
2023,DNF,Giro d'Italia,84019
2022,1,Vuelta a España,84019
2021,DNF,Giro d'Italia,84019
2024,DNF,Vuelta a España,50303
2024,4,Tour de France,50303
2023,9,Vuelta a España,50303
2023,3,Giro d'Italia,50303
2022,5,Vuelta a España,50303
2022,DNF,Giro d'Italia,50303
2021,6,Giro d'Italia,50303
2020,4,Giro d'Italia,50303
2024,9,Tour de France,37421
2023,22,Giro d'Italia,37421
2024,10,Tour de France,81835
2023,10,Vuelta a España,81835
2023,13,Giro d'Italia,81835
2022,DNF,Vuelta a España,81835
2022,12,Giro d'Italia,81835
2020,53,Vuelta a España,81835
2024,39,Tour de France,120433
2023,DNF,Vuelta a España,120433
2024,41,Tour de France,126678
2023,42,Vuelta a España,126678
2024,47,Tour de France,156417
2024,60,Tour de France,40783
2023,86,Vuelta a España,40783
2022,70,Giro d'Italia,40783
2021,61,Giro d'Italia,40783
2020,76,Giro d'Italia,40783
2024,62,Tour de France,110247
2024,DNF,Vuelta a España,16817
2024,110,Tour de France,16817
2023,97,Vuelta a España,16817
2023,57,Giro d'Italia,16817
2022,111,Giro d'Italia,16817
2021,114,Vuelta a España,16817
2021,102,Giro d'Italia,16817
2020,83,Giro d'Italia,16817
2019,124,Giro d'Italia,16817
2018,62,Giro d'Italia,16817
2017,DNF,Vuelta a España,16817
2024,112,Tour de France,9746
2023,82,Giro d'Italia,9746
2022,111,Vuelta a España,9746
2020,131,Vuelta a España,9746
2019,122,Giro d'Italia,9746
2024,117,Tour de France,94862
2023,127,Vuelta a España,94862
2024,118,Tour de France,71213
2023,88,Giro d'Italia,71213
2024,121,Tour de France,37466
2022,108,Vuelta a España,37466
2024,139,Tour de France,63295
2023,145,Vuelta a España,63295
2022,DNF,Vuelta a España,63295
2025,115,Giro d'Italia,27121
2025,64,Giro d'Italia,17203
2025,44,Giro d'Italia,6227
2025,10,Giro d'Italia,37447
